,0,1,2,3,4,5,6,7,8,9,10,11,12,13,14,15,16,17,18,19,20,21,22,23,24,25,26,27,28,29,30,31,32,33,34,35,36,37,38,39,40,41,42,43,44,45,46,47,48,49,50,51,52,53,54,55,56,57,58,59,60,61,62,63,64,65,66,67,68,69,70,71,72,73,74,75,76,77,78,79,80,81,82,83,84,85,86,87,88,89,90,91,92,93,94,95,96,97,98,99,100,101,102,103,104,105,106,107,108,109
0,1.0,1.0,3.0,3.0,1.0,3.0,1.0,3.0,3.0,1.0,,0.0,,0.0,,0.0,,1.0,1.0,0.0,0.0,1.0,3.0,1.0,1.0,0.0,1.0,0.0,0.0,1.0,0.0,,0.0,1.0,3.0,3.0,3.0,0.0,3.0,1.0,3.0,,3.0,3.0,1.0,3.0,,1.0,1.0,0.0,3.0,3.0,0.0,,3.0,3.0,3.0,1.0,0.0,3.0,0.0,0.0,3.0,1.0,1.0,3.0,3.0,1.0,0.0,0.0,1.0,3.0,3.0,3.0,3.0,0.0,3.0,3.0,3.0,3.0,1.0,3.0,1.0,0.0,0.0,3.0,3.0,0.0,1.0,3.0,3.0,3.0,3.0,3.0,3.0,1.0,3.0,1.0,1.0,3.0,,0.0,3.0,3.0,3.0,,0.0,3.0,1.0,0.0
1,0.0,1.0,,1.0,1.0,1.0,1.0,,1.0,3.0,1.0,3.0,3.0,1.0,1.0,0.0,3.0,3.0,1.0,1.0,1.0,1.0,0.0,0.0,3.0,1.0,3.0,1.0,0.0,1.0,1.0,1.0,1.0,0.0,1.0,3.0,0.0,3.0,,1.0,1.0,0.0,0.0,0.0,1.0,1.0,0.0,3.0,1.0,0.0,0.0,1.0,1.0,3.0,1.0,1.0,0.0,0.0,3.0,0.0,1.0,3.0,3.0,0.0,1.0,0.0,0.0,0.0,1.0,3.0,1.0,3.0,3.0,1.0,1.0,0.0,1.0,1.0,1.0,3.0,1.0,3.0,3.0,,0.0,,,1.0,3.0,3.0,,1.0,3.0,,3.0,0.0,0.0,1.0,3.0,1.0,3.0,0.0,0.0,0.0,0.0,3.0,3.0,3.0,3.0,0.0
2,,1.0,0.0,1.0,0.0,3.0,1.0,3.0,3.0,1.0,0.0,,3.0,,0.0,0.0,3.0,0.0,0.0,1.0,1.0,1.0,0.0,0.0,0.0,0.0,1.0,1.0,1.0,0.0,0.0,1.0,1.0,3.0,1.0,1.0,,1.0,0.0,0.0,1.0,3.0,3.0,1.0,0.0,0.0,,0.0,0.0,3.0,3.0,1.0,1.0,1.0,,1.0,0.0,1.0,1.0,0.0,1.0,1.0,,3.0,3.0,1.0,,3.0,,,3.0,0.0,1.0,0.0,1.0,1.0,1.0,0.0,0.0,3.0,1.0,0.0,0.0,0.0,1.0,1.0,3.0,1.0,3.0,0.0,0.0,1.0,0.0,0.0,1.0,0.0,3.0,0.0,,0.0,3.0,0.0,3.0,3.0,3.0,3.0,1.0,3.0,3.0,3.0
3,3.0,0.0,0.0,3.0,3.0,1.0,0.0,3.0,3.0,1.0,1.0,3.0,0.0,1.0,1.0,3.0,1.0,1.0,0.0,1.0,0.0,3.0,0.0,1.0,1.0,1.0,0.0,0.0,0.0,1.0,0.0,1.0,3.0,0.0,1.0,0.0,3.0,0.0,,,0.0,1.0,3.0,1.0,,3.0,3.0,1.0,1.0,1.0,1.0,3.0,0.0,1.0,3.0,1.0,0.0,3.0,0.0,,3.0,1.0,3.0,0.0,1.0,1.0,3.0,1.0,1.0,0.0,1.0,0.0,3.0,0.0,0.0,1.0,3.0,1.0,1.0,3.0,3.0,0.0,3.0,3.0,3.0,3.0,1.0,0.0,0.0,0.0,1.0,1.0,1.0,1.0,3.0,0.0,,1.0,1.0,1.0,3.0,3.0,3.0,1.0,1.0,1.0,3.0,3.0,1.0,
4,3.0,3.0,1.0,1.0,0.0,1.0,0.0,1.0,1.0,3.0,3.0,3.0,3.0,0.0,0.0,0.0,1.0,1.0,3.0,,1.0,0.0,1.0,1.0,0.0,0.0,0.0,1.0,0.0,0.0,0.0,3.0,0.0,,3.0,0.0,1.0,0.0,3.0,,0.0,0.0,1.0,3.0,3.0,1.0,1.0,1.0,1.0,1.0,3.0,3.0,1.0,1.0,0.0,1.0,3.0,0.0,0.0,3.0,3.0,1.0,1.0,0.0,,1.0,1.0,0.0,0.0,0.0,1.0,3.0,0.0,1.0,1.0,0.0,0.0,0.0,3.0,1.0,0.0,3.0,0.0,0.0,3.0,1.0,0.0,3.0,0.0,0.0,0.0,1.0,3.0,0.0,,3.0,3.0,,0.0,0.0,3.0,3.0,3.0,1.0,0.0,3.0,3.0,,1.0,0.0
5,1.0,1.0,3.0,0.0,3.0,3.0,3.0,1.0,3.0,3.0,1.0,1.0,0.0,1.0,1.0,0.0,3.0,0.0,1.0,1.0,,0.0,,0.0,0.0,3.0,1.0,0.0,1.0,0.0,1.0,1.0,1.0,3.0,,1.0,0.0,3.0,1.0,1.0,0.0,1.0,3.0,3.0,1.0,1.0,1.0,1.0,0.0,3.0,3.0,3.0,0.0,1.0,,3.0,0.0,3.0,0.0,0.0,1.0,,0.0,0.0,,1.0,3.0,1.0,0.0,0.0,0.0,3.0,1.0,0.0,3.0,3.0,1.0,3.0,3.0,1.0,1.0,3.0,,1.0,0.0,0.0,3.0,0.0,0.0,0.0,1.0,,1.0,3.0,1.0,3.0,1.0,1.0,1.0,1.0,3.0,1.0,3.0,1.0,1.0,0.0,3.0,3.0,,3.0
6,3.0,0.0,3.0,0.0,1.0,1.0,1.0,0.0,3.0,1.0,3.0,,3.0,1.0,1.0,3.0,1.0,3.0,1.0,0.0,3.0,0.0,0.0,1.0,1.0,1.0,3.0,0.0,0.0,3.0,0.0,0.0,1.0,0.0,0.0,3.0,0.0,1.0,0.0,1.0,3.0,0.0,1.0,3.0,1.0,1.0,0.0,0.0,1.0,3.0,3.0,0.0,1.0,1.0,1.0,,3.0,3.0,1.0,0.0,3.0,3.0,1.0,0.0,3.0,0.0,3.0,3.0,3.0,3.0,0.0,3.0,3.0,3.0,3.0,3.0,1.0,0.0,3.0,,0.0,1.0,3.0,0.0,1.0,3.0,0.0,1.0,1.0,3.0,3.0,3.0,,1.0,1.0,1.0,3.0,1.0,1.0,,3.0,3.0,1.0,0.0,1.0,0.0,1.0,3.0,3.0,1.0
7,3.0,3.0,1.0,1.0,1.0,3.0,1.0,3.0,3.0,3.0,1.0,3.0,1.0,3.0,1.0,1.0,3.0,3.0,3.0,1.0,0.0,1.0,1.0,1.0,,0.0,1.0,,1.0,0.0,1.0,1.0,1.0,1.0,1.0,0.0,3.0,0.0,1.0,0.0,1.0,3.0,1.0,3.0,3.0,0.0,3.0,1.0,1.0,,3.0,3.0,,0.0,1.0,0.0,0.0,3.0,0.0,0.0,0.0,3.0,1.0,3.0,3.0,3.0,3.0,,1.0,0.0,,3.0,1.0,1.0,3.0,0.0,1.0,3.0,3.0,3.0,1.0,3.0,1.0,3.0,0.0,0.0,1.0,3.0,3.0,1.0,3.0,1.0,1.0,0.0,3.0,0.0,0.0,1.0,1.0,1.0,3.0,,1.0,1.0,0.0,1.0,3.0,,1.0,3.0
8,3.0,1.0,1.0,1.0,3.0,1.0,3.0,1.0,1.0,3.0,3.0,1.0,1.0,1.0,0.0,1.0,3.0,3.0,1.0,1.0,3.0,1.0,3.0,0.0,1.0,1.0,3.0,1.0,0.0,3.0,1.0,1.0,1.0,0.0,0.0,1.0,3.0,1.0,0.0,3.0,3.0,0.0,0.0,0.0,,0.0,1.0,1.0,0.0,3.0,1.0,,1.0,1.0,3.0,0.0,1.0,0.0,3.0,0.0,0.0,1.0,3.0,3.0,,3.0,1.0,0.0,0.0,3.0,3.0,3.0,1.0,,0.0,1.0,,0.0,3.0,1.0,3.0,,0.0,1.0,0.0,3.0,0.0,0.0,1.0,3.0,1.0,3.0,3.0,1.0,0.0,0.0,3.0,0.0,3.0,1.0,3.0,1.0,3.0,0.0,1.0,3.0,1.0,3.0,,3.0
9,1.0,0.0,3.0,0.0,1.0,3.0,1.0,0.0,3.0,0.0,3.0,3.0,,,,3.0,0.0,0.0,3.0,1.0,0.0,1.0,1.0,1.0,1.0,0.0,0.0,,1.0,0.0,,3.0,0.0,,0.0,3.0,0.0,1.0,0.0,3.0,0.0,1.0,0.0,0.0,,1.0,1.0,0.0,1.0,0.0,0.0,0.0,3.0,0.0,1.0,1.0,,0.0,0.0,1.0,3.0,0.0,3.0,3.0,1.0,0.0,3.0,1.0,0.0,0.0,1.0,1.0,0.0,0.0,3.0,1.0,3.0,3.0,1.0,3.0,3.0,1.0,0.0,3.0,0.0,1.0,0.0,,1.0,3.0,1.0,1.0,,0.0,0.0,3.0,1.0,1.0,3.0,0.0,1.0,1.0,0.0,,1.0,1.0,1.0,3.0,3.0,3.0
10,3.0,1.0,,0.0,3.0,1.0,1.0,1.0,0.0,0.0,3.0,3.0,0.0,0.0,0.0,,0.0,3.0,1.0,3.0,0.0,,3.0,1.0,1.0,0.0,,1.0,3.0,0.0,0.0,1.0,1.0,3.0,1.0,1.0,,1.0,1.0,3.0,0.0,0.0,3.0,1.0,0.0,1.0,3.0,1.0,0.0,1.0,0.0,3.0,0.0,1.0,0.0,3.0,0.0,3.0,0.0,0.0,0.0,3.0,1.0,3.0,0.0,3.0,1.0,3.0,1.0,1.0,3.0,3.0,0.0,0.0,1.0,0.0,0.0,0.0,3.0,,0.0,,,0.0,1.0,1.0,1.0,1.0,1.0,1.0,3.0,,3.0,3.0,1.0,0.0,0.0,0.0,0.0,1.0,0.0,1.0,1.0,0.0,0.0,1.0,1.0,1.0,0.0,1.0
11,1.0,3.0,0.0,3.0,3.0,3.0,1.0,0.0,1.0,0.0,1.0,0.0,3.0,3.0,1.0,3.0,3.0,,3.0,3.0,0.0,1.0,1.0,0.0,3.0,1.0,1.0,1.0,3.0,3.0,0.0,1.0,3.0,0.0,0.0,3.0,1.0,1.0,3.0,3.0,0.0,1.0,0.0,0.0,1.0,1.0,3.0,1.0,0.0,0.0,0.0,3.0,1.0,,0.0,1.0,3.0,1.0,1.0,1.0,1.0,0.0,3.0,1.0,3.0,3.0,3.0,1.0,1.0,3.0,1.0,3.0,0.0,3.0,1.0,3.0,,0.0,0.0,0.0,3.0,0.0,1.0,1.0,0.0,0.0,0.0,0.0,0.0,0.0,1.0,3.0,0.0,3.0,3.0,0.0,1.0,3.0,0.0,3.0,3.0,3.0,0.0,3.0,,3.0,0.0,1.0,0.0,1.0
12,1.0,,0.0,,3.0,,1.0,1.0,1.0,3.0,,3.0,0.0,1.0,0.0,0.0,0.0,1.0,1.0,1.0,3.0,3.0,1.0,0.0,0.0,3.0,1.0,0.0,0.0,1.0,,1.0,1.0,1.0,3.0,1.0,1.0,1.0,0.0,3.0,3.0,3.0,1.0,1.0,0.0,3.0,0.0,1.0,3.0,1.0,,3.0,3.0,3.0,1.0,3.0,1.0,1.0,0.0,1.0,0.0,,3.0,,3.0,3.0,1.0,3.0,3.0,3.0,0.0,0.0,0.0,0.0,0.0,1.0,1.0,0.0,1.0,1.0,1.0,0.0,0.0,0.0,1.0,3.0,1.0,0.0,0.0,0.0,0.0,1.0,0.0,1.0,0.0,0.0,0.0,,1.0,1.0,1.0,3.0,3.0,0.0,0.0,1.0,1.0,3.0,1.0,3.0
13,3.0,1.0,3.0,0.0,1.0,1.0,1.0,1.0,1.0,0.0,3.0,,1.0,,3.0,3.0,0.0,0.0,3.0,1.0,1.0,0.0,1.0,0.0,0.0,1.0,3.0,1.0,1.0,1.0,1.0,1.0,0.0,3.0,,0.0,1.0,3.0,1.0,1.0,0.0,0.0,0.0,1.0,,0.0,0.0,0.0,0.0,3.0,,1.0,1.0,3.0,1.0,3.0,3.0,1.0,1.0,1.0,0.0,3.0,1.0,1.0,3.0,3.0,0.0,0.0,1.0,1.0,3.0,3.0,,1.0,0.0,3.0,1.0,1.0,0.0,3.0,,1.0,1.0,3.0,3.0,1.0,1.0,,3.0,1.0,3.0,1.0,3.0,1.0,3.0,0.0,0.0,3.0,1.0,1.0,1.0,0.0,0.0,,1.0,3.0,1.0,,3.0,1.0
14,3.0,3.0,1.0,1.0,1.0,0.0,3.0,1.0,,,3.0,1.0,1.0,3.0,3.0,0.0,0.0,0.0,,3.0,3.0,0.0,1.0,1.0,1.0,3.0,1.0,1.0,1.0,0.0,0.0,1.0,0.0,0.0,,0.0,0.0,1.0,1.0,,0.0,0.0,0.0,0.0,3.0,0.0,,1.0,,0.0,3.0,1.0,1.0,1.0,3.0,1.0,0.0,3.0,0.0,,1.0,0.0,1.0,0.0,1.0,0.0,3.0,3.0,1.0,1.0,3.0,3.0,1.0,1.0,0.0,,0.0,1.0,3.0,1.0,1.0,3.0,0.0,1.0,3.0,3.0,3.0,1.0,,1.0,1.0,1.0,1.0,3.0,3.0,1.0,0.0,0.0,0.0,3.0,3.0,1.0,1.0,0.0,3.0,3.0,3.0,,0.0,3.0
15,0.0,,0.0,0.0,,0.0,3.0,1.0,,3.0,1.0,1.0,1.0,1.0,3.0,1.0,3.0,0.0,0.0,1.0,1.0,0.0,0.0,0.0,0.0,0.0,3.0,3.0,1.0,1.0,0.0,0.0,1.0,0.0,1.0,,1.0,3.0,,0.0,0.0,1.0,1.0,,3.0,0.0,0.0,1.0,1.0,3.0,1.0,0.0,,1.0,3.0,0.0,3.0,1.0,0.0,3.0,0.0,1.0,3.0,,3.0,3.0,3.0,1.0,1.0,0.0,,3.0,3.0,0.0,1.0,3.0,,0.0,0.0,3.0,0.0,3.0,0.0,1.0,0.0,1.0,3.0,3.0,3.0,0.0,3.0,1.0,0.0,3.0,0.0,3.0,3.0,1.0,3.0,1.0,0.0,1.0,0.0,,3.0,1.0,1.0,1.0,1.0,3.0
16,0.0,,3.0,,0.0,3.0,1.0,0.0,1.0,3.0,1.0,1.0,0.0,0.0,0.0,1.0,1.0,1.0,1.0,1.0,1.0,3.0,3.0,1.0,0.0,0.0,0.0,,3.0,0.0,1.0,,0.0,0.0,1.0,0.0,1.0,0.0,1.0,0.0,1.0,0.0,3.0,1.0,3.0,3.0,3.0,0.0,0.0,1.0,1.0,0.0,0.0,1.0,1.0,3.0,3.0,0.0,1.0,3.0,0.0,1.0,0.0,1.0,3.0,3.0,3.0,,1.0,3.0,0.0,3.0,0.0,,0.0,1.0,0.0,0.0,1.0,3.0,,0.0,0.0,0.0,3.0,3.0,1.0,3.0,1.0,0.0,1.0,0.0,,1.0,0.0,3.0,0.0,1.0,3.0,1.0,0.0,1.0,0.0,,,3.0,3.0,0.0,,1.0
17,1.0,3.0,3.0,0.0,1.0,3.0,0.0,3.0,0.0,0.0,,3.0,3.0,0.0,1.0,0.0,1.0,0.0,1.0,0.0,0.0,0.0,1.0,1.0,1.0,0.0,1.0,0.0,3.0,3.0,,0.0,1.0,1.0,0.0,1.0,1.0,0.0,1.0,3.0,,0.0,1.0,1.0,0.0,3.0,1.0,1.0,3.0,0.0,3.0,0.0,3.0,1.0,1.0,1.0,1.0,,3.0,1.0,1.0,,3.0,1.0,,3.0,1.0,0.0,0.0,1.0,1.0,1.0,1.0,,1.0,3.0,0.0,0.0,0.0,3.0,1.0,1.0,0.0,0.0,3.0,1.0,1.0,3.0,,0.0,3.0,,0.0,0.0,1.0,1.0,0.0,,1.0,1.0,3.0,3.0,1.0,3.0,0.0,3.0,1.0,1.0,0.0,1.0
18,0.0,0.0,3.0,1.0,,3.0,0.0,1.0,0.0,0.0,3.0,0.0,0.0,0.0,3.0,0.0,1.0,3.0,3.0,0.0,0.0,0.0,3.0,1.0,1.0,,1.0,1.0,,1.0,3.0,0.0,0.0,0.0,1.0,3.0,1.0,3.0,3.0,3.0,1.0,0.0,,1.0,3.0,3.0,0.0,1.0,0.0,1.0,3.0,0.0,3.0,1.0,1.0,1.0,3.0,3.0,3.0,,,1.0,1.0,0.0,0.0,1.0,1.0,0.0,0.0,1.0,3.0,3.0,3.0,1.0,3.0,3.0,1.0,1.0,0.0,3.0,3.0,,0.0,0.0,1.0,1.0,1.0,3.0,0.0,0.0,3.0,3.0,0.0,3.0,3.0,1.0,3.0,0.0,1.0,1.0,0.0,1.0,3.0,1.0,3.0,1.0,1.0,3.0,,1.0
19,3.0,1.0,1.0,0.0,1.0,3.0,3.0,0.0,1.0,3.0,1.0,3.0,1.0,0.0,0.0,,3.0,,1.0,0.0,0.0,3.0,0.0,3.0,0.0,0.0,1.0,1.0,3.0,0.0,3.0,1.0,3.0,1.0,0.0,,,,1.0,1.0,1.0,1.0,3.0,0.0,1.0,3.0,0.0,1.0,3.0,3.0,3.0,3.0,0.0,3.0,1.0,3.0,3.0,0.0,0.0,1.0,3.0,0.0,1.0,1.0,3.0,3.0,1.0,1.0,1.0,1.0,1.0,3.0,0.0,0.0,3.0,1.0,1.0,1.0,3.0,1.0,0.0,3.0,0.0,3.0,3.0,1.0,1.0,1.0,0.0,1.0,1.0,3.0,0.0,,3.0,3.0,1.0,1.0,0.0,3.0,1.0,1.0,3.0,0.0,3.0,1.0,0.0,0.0,1.0,1.0
20,0.0,1.0,1.0,3.0,3.0,0.0,1.0,3.0,0.0,0.0,,1.0,1.0,1.0,0.0,1.0,3.0,0.0,1.0,1.0,,1.0,0.0,1.0,3.0,3.0,0.0,0.0,1.0,3.0,1.0,,1.0,3.0,1.0,0.0,3.0,1.0,3.0,1.0,0.0,0.0,,0.0,3.0,1.0,1.0,0.0,3.0,0.0,3.0,1.0,1.0,0.0,3.0,3.0,,3.0,3.0,3.0,1.0,0.0,3.0,1.0,,3.0,1.0,0.0,1.0,,3.0,,1.0,1.0,1.0,1.0,,1.0,3.0,3.0,0.0,0.0,1.0,1.0,1.0,1.0,0.0,3.0,1.0,1.0,1.0,0.0,3.0,3.0,0.0,1.0,0.0,,1.0,0.0,0.0,1.0,1.0,3.0,3.0,1.0,1.0,1.0,0.0,1.0
21,0.0,3.0,3.0,1.0,,1.0,0.0,3.0,3.0,3.0,1.0,3.0,3.0,0.0,0.0,1.0,0.0,3.0,,3.0,3.0,1.0,0.0,3.0,0.0,0.0,3.0,,3.0,0.0,,1.0,0.0,0.0,1.0,3.0,3.0,1.0,1.0,3.0,3.0,0.0,1.0,3.0,,1.0,1.0,,0.0,3.0,3.0,1.0,0.0,,1.0,1.0,3.0,1.0,0.0,1.0,3.0,3.0,3.0,,1.0,3.0,3.0,3.0,1.0,1.0,,1.0,,1.0,1.0,0.0,0.0,0.0,3.0,3.0,0.0,3.0,0.0,,1.0,0.0,0.0,3.0,3.0,1.0,1.0,3.0,1.0,0.0,3.0,0.0,0.0,1.0,3.0,1.0,0.0,,3.0,1.0,0.0,1.0,1.0,,3.0,3.0
22,,1.0,1.0,1.0,1.0,3.0,3.0,0.0,0.0,0.0,1.0,1.0,,3.0,3.0,3.0,3.0,1.0,,3.0,1.0,0.0,3.0,1.0,3.0,0.0,0.0,3.0,1.0,,0.0,3.0,0.0,3.0,0.0,0.0,1.0,3.0,1.0,3.0,3.0,0.0,1.0,,1.0,3.0,3.0,1.0,,3.0,3.0,0.0,1.0,0.0,3.0,1.0,3.0,1.0,3.0,,3.0,1.0,3.0,0.0,0.0,0.0,1.0,1.0,3.0,,0.0,1.0,1.0,3.0,1.0,1.0,1.0,1.0,0.0,1.0,0.0,3.0,3.0,0.0,3.0,1.0,,3.0,1.0,1.0,0.0,3.0,3.0,,3.0,3.0,3.0,0.0,1.0,3.0,1.0,1.0,3.0,3.0,1.0,1.0,1.0,0.0,3.0,1.0
23,,3.0,3.0,3.0,0.0,3.0,0.0,1.0,0.0,1.0,3.0,1.0,0.0,0.0,1.0,0.0,0.0,1.0,1.0,3.0,3.0,0.0,1.0,1.0,1.0,0.0,1.0,0.0,3.0,3.0,3.0,1.0,3.0,3.0,0.0,1.0,0.0,,1.0,1.0,3.0,0.0,1.0,1.0,0.0,3.0,,3.0,1.0,1.0,0.0,1.0,0.0,1.0,1.0,3.0,3.0,0.0,3.0,3.0,0.0,0.0,0.0,3.0,3.0,3.0,1.0,0.0,1.0,0.0,3.0,1.0,3.0,0.0,0.0,,0.0,1.0,0.0,1.0,1.0,0.0,3.0,0.0,0.0,1.0,,0.0,0.0,0.0,0.0,3.0,0.0,1.0,3.0,,1.0,1.0,3.0,0.0,0.0,1.0,1.0,0.0,1.0,3.0,1.0,1.0,3.0,3.0
24,0.0,0.0,0.0,3.0,,,,0.0,1.0,3.0,1.0,1.0,3.0,1.0,0.0,0.0,0.0,0.0,,1.0,3.0,1.0,3.0,0.0,0.0,1.0,0.0,,,0.0,3.0,0.0,,1.0,1.0,3.0,3.0,1.0,1.0,3.0,1.0,1.0,1.0,1.0,0.0,1.0,3.0,0.0,0.0,1.0,3.0,0.0,1.0,3.0,0.0,1.0,1.0,1.0,3.0,3.0,1.0,1.0,3.0,,0.0,0.0,1.0,1.0,3.0,0.0,0.0,3.0,3.0,3.0,3.0,0.0,1.0,3.0,1.0,1.0,0.0,1.0,0.0,0.0,3.0,0.0,3.0,3.0,3.0,0.0,3.0,0.0,1.0,3.0,3.0,1.0,1.0,3.0,,,0.0,3.0,3.0,0.0,3.0,0.0,0.0,3.0,3.0,1.0
25,3.0,1.0,3.0,1.0,3.0,3.0,0.0,3.0,0.0,3.0,1.0,1.0,3.0,0.0,3.0,1.0,0.0,3.0,0.0,3.0,3.0,0.0,1.0,1.0,,3.0,1.0,,0.0,,3.0,0.0,1.0,,0.0,,1.0,3.0,1.0,0.0,1.0,0.0,0.0,1.0,1.0,1.0,3.0,0.0,3.0,,,1.0,1.0,0.0,0.0,3.0,3.0,3.0,1.0,3.0,3.0,3.0,0.0,3.0,3.0,3.0,3.0,1.0,3.0,3.0,3.0,0.0,3.0,1.0,0.0,0.0,1.0,3.0,3.0,3.0,1.0,1.0,,0.0,0.0,0.0,0.0,3.0,3.0,1.0,0.0,3.0,3.0,3.0,3.0,1.0,0.0,3.0,,3.0,3.0,3.0,3.0,,1.0,0.0,,1.0,3.0,1.0
26,1.0,3.0,,3.0,3.0,3.0,3.0,1.0,3.0,3.0,1.0,1.0,0.0,0.0,0.0,1.0,3.0,3.0,1.0,1.0,1.0,0.0,3.0,0.0,1.0,1.0,1.0,0.0,0.0,3.0,1.0,3.0,3.0,0.0,0.0,1.0,0.0,1.0,1.0,0.0,0.0,1.0,1.0,1.0,0.0,1.0,0.0,,0.0,0.0,1.0,1.0,1.0,3.0,,1.0,,0.0,1.0,3.0,3.0,0.0,3.0,3.0,1.0,1.0,0.0,,1.0,1.0,3.0,0.0,1.0,1.0,3.0,3.0,1.0,1.0,0.0,1.0,1.0,0.0,1.0,1.0,1.0,3.0,1.0,0.0,1.0,1.0,3.0,1.0,0.0,3.0,3.0,1.0,0.0,0.0,0.0,0.0,3.0,1.0,1.0,1.0,0.0,1.0,0.0,0.0,0.0,0.0
27,0.0,0.0,3.0,1.0,1.0,3.0,3.0,0.0,1.0,,0.0,1.0,1.0,0.0,0.0,0.0,3.0,0.0,0.0,1.0,3.0,0.0,1.0,0.0,3.0,0.0,1.0,0.0,0.0,0.0,,,1.0,3.0,3.0,0.0,1.0,3.0,3.0,3.0,0.0,0.0,3.0,,1.0,1.0,3.0,0.0,0.0,1.0,1.0,0.0,3.0,1.0,3.0,1.0,0.0,0.0,3.0,1.0,3.0,0.0,3.0,0.0,0.0,1.0,3.0,1.0,1.0,3.0,,1.0,0.0,1.0,3.0,3.0,1.0,1.0,1.0,1.0,0.0,3.0,1.0,0.0,1.0,0.0,3.0,0.0,1.0,1.0,1.0,0.0,0.0,,3.0,3.0,3.0,3.0,3.0,3.0,3.0,3.0,3.0,0.0,0.0,0.0,3.0,0.0,3.0,3.0
28,0.0,0.0,0.0,3.0,1.0,0.0,3.0,0.0,3.0,0.0,1.0,1.0,0.0,3.0,,1.0,1.0,0.0,3.0,1.0,3.0,0.0,1.0,,3.0,0.0,3.0,0.0,3.0,3.0,0.0,3.0,3.0,1.0,3.0,3.0,0.0,,1.0,3.0,,0.0,3.0,0.0,1.0,1.0,3.0,1.0,1.0,1.0,3.0,3.0,3.0,1.0,1.0,0.0,0.0,0.0,0.0,1.0,3.0,,3.0,1.0,1.0,0.0,0.0,1.0,3.0,3.0,1.0,0.0,3.0,0.0,0.0,1.0,1.0,3.0,0.0,1.0,0.0,0.0,1.0,0.0,0.0,3.0,1.0,3.0,3.0,1.0,1.0,0.0,1.0,3.0,1.0,1.0,3.0,1.0,,,1.0,1.0,3.0,3.0,3.0,0.0,3.0,3.0,1.0,3.0
29,0.0,1.0,3.0,1.0,0.0,3.0,1.0,1.0,1.0,3.0,1.0,0.0,0.0,3.0,1.0,0.0,,3.0,3.0,0.0,1.0,3.0,3.0,3.0,1.0,1.0,3.0,1.0,0.0,0.0,0.0,3.0,1.0,1.0,0.0,3.0,0.0,3.0,3.0,0.0,1.0,1.0,0.0,1.0,3.0,1.0,0.0,0.0,1.0,0.0,1.0,3.0,0.0,0.0,1.0,3.0,0.0,3.0,3.0,1.0,1.0,1.0,1.0,0.0,3.0,0.0,1.0,,0.0,1.0,0.0,3.0,3.0,3.0,,1.0,0.0,3.0,0.0,,0.0,1.0,3.0,1.0,0.0,0.0,1.0,0.0,3.0,3.0,0.0,3.0,0.0,1.0,1.0,,1.0,1.0,,3.0,3.0,0.0,0.0,1.0,3.0,,0.0,,0.0,0.0
30,3.0,3.0,1.0,0.0,0.0,0.0,1.0,3.0,,1.0,3.0,1.0,1.0,0.0,1.0,0.0,1.0,3.0,0.0,1.0,1.0,0.0,0.0,1.0,3.0,0.0,1.0,3.0,3.0,3.0,1.0,3.0,3.0,0.0,0.0,3.0,1.0,0.0,3.0,0.0,1.0,3.0,3.0,3.0,3.0,0.0,3.0,1.0,1.0,1.0,3.0,3.0,,1.0,3.0,3.0,0.0,,3.0,3.0,3.0,,0.0,1.0,0.0,3.0,0.0,1.0,1.0,,0.0,0.0,0.0,0.0,3.0,1.0,0.0,3.0,0.0,,0.0,0.0,1.0,1.0,1.0,1.0,0.0,0.0,3.0,1.0,3.0,3.0,3.0,1.0,3.0,3.0,0.0,0.0,1.0,1.0,0.0,0.0,1.0,3.0,,0.0,0.0,0.0,0.0,
31,3.0,1.0,1.0,3.0,,0.0,1.0,0.0,0.0,1.0,3.0,0.0,1.0,1.0,0.0,1.0,,0.0,0.0,,1.0,3.0,3.0,0.0,3.0,0.0,1.0,1.0,3.0,0.0,3.0,3.0,0.0,1.0,3.0,1.0,1.0,3.0,1.0,3.0,0.0,0.0,0.0,3.0,1.0,,3.0,1.0,3.0,3.0,3.0,0.0,3.0,1.0,3.0,0.0,0.0,3.0,1.0,3.0,,0.0,1.0,3.0,3.0,,0.0,1.0,1.0,1.0,,3.0,0.0,1.0,0.0,0.0,1.0,,3.0,3.0,,3.0,3.0,3.0,3.0,1.0,0.0,,0.0,0.0,0.0,3.0,0.0,3.0,3.0,3.0,3.0,3.0,0.0,0.0,0.0,3.0,3.0,3.0,3.0,0.0,1.0,3.0,1.0,0.0
32,0.0,0.0,1.0,3.0,,0.0,0.0,0.0,1.0,,0.0,0.0,3.0,1.0,3.0,1.0,,3.0,0.0,0.0,1.0,3.0,0.0,1.0,3.0,0.0,0.0,0.0,0.0,3.0,1.0,3.0,3.0,0.0,0.0,1.0,0.0,,,0.0,3.0,3.0,1.0,0.0,1.0,1.0,3.0,3.0,,1.0,0.0,,1.0,3.0,,3.0,0.0,1.0,1.0,3.0,0.0,3.0,3.0,1.0,1.0,1.0,1.0,1.0,3.0,3.0,0.0,,1.0,0.0,1.0,0.0,0.0,1.0,3.0,1.0,,3.0,0.0,0.0,1.0,3.0,1.0,1.0,3.0,0.0,1.0,3.0,0.0,3.0,3.0,,1.0,3.0,1.0,1.0,0.0,0.0,0.0,1.0,1.0,0.0,0.0,1.0,1.0,1.0
33,3.0,0.0,1.0,1.0,0.0,0.0,0.0,,3.0,3.0,1.0,0.0,0.0,1.0,3.0,1.0,0.0,3.0,0.0,3.0,1.0,,3.0,1.0,0.0,1.0,1.0,0.0,3.0,0.0,,0.0,3.0,3.0,0.0,3.0,3.0,1.0,3.0,,3.0,1.0,1.0,1.0,1.0,0.0,0.0,1.0,3.0,,3.0,,0.0,3.0,3.0,,1.0,1.0,3.0,3.0,1.0,1.0,3.0,3.0,1.0,3.0,1.0,,1.0,0.0,1.0,1.0,1.0,0.0,3.0,1.0,1.0,3.0,0.0,1.0,1.0,3.0,1.0,0.0,3.0,3.0,0.0,3.0,0.0,1.0,3.0,,0.0,3.0,3.0,0.0,3.0,0.0,1.0,3.0,,1.0,0.0,1.0,1.0,1.0,0.0,0.0,1.0,3.0
34,0.0,0.0,1.0,3.0,0.0,1.0,3.0,1.0,0.0,0.0,3.0,0.0,0.0,3.0,0.0,3.0,1.0,3.0,1.0,0.0,0.0,0.0,0.0,0.0,3.0,3.0,0.0,1.0,1.0,1.0,3.0,1.0,3.0,3.0,1.0,0.0,0.0,3.0,,1.0,3.0,3.0,0.0,3.0,,3.0,1.0,3.0,0.0,0.0,1.0,1.0,1.0,1.0,3.0,1.0,1.0,1.0,3.0,0.0,3.0,1.0,0.0,0.0,3.0,3.0,0.0,3.0,3.0,,0.0,3.0,1.0,,0.0,1.0,1.0,3.0,3.0,0.0,0.0,3.0,0.0,3.0,3.0,0.0,1.0,0.0,0.0,1.0,3.0,1.0,0.0,0.0,1.0,1.0,0.0,3.0,0.0,3.0,3.0,1.0,0.0,0.0,1.0,1.0,,1.0,1.0,
35,0.0,0.0,1.0,0.0,1.0,3.0,0.0,1.0,1.0,1.0,0.0,1.0,3.0,0.0,,0.0,1.0,0.0,1.0,1.0,0.0,0.0,3.0,1.0,3.0,0.0,0.0,3.0,0.0,1.0,3.0,0.0,1.0,0.0,3.0,1.0,1.0,3.0,1.0,3.0,0.0,3.0,1.0,1.0,3.0,1.0,3.0,1.0,1.0,1.0,1.0,1.0,,3.0,1.0,1.0,1.0,0.0,3.0,1.0,3.0,0.0,0.0,0.0,3.0,0.0,3.0,3.0,1.0,1.0,3.0,1.0,1.0,3.0,1.0,,3.0,3.0,3.0,3.0,0.0,,1.0,3.0,3.0,3.0,0.0,3.0,3.0,3.0,,3.0,1.0,1.0,1.0,1.0,1.0,,3.0,,0.0,0.0,1.0,1.0,0.0,0.0,0.0,1.0,1.0,
36,1.0,1.0,0.0,,0.0,0.0,1.0,0.0,1.0,0.0,0.0,1.0,1.0,0.0,0.0,1.0,0.0,3.0,1.0,0.0,1.0,0.0,3.0,1.0,3.0,,3.0,0.0,1.0,1.0,1.0,1.0,0.0,3.0,3.0,0.0,,,1.0,3.0,1.0,1.0,3.0,3.0,1.0,0.0,3.0,3.0,1.0,3.0,0.0,1.0,1.0,0.0,0.0,3.0,1.0,0.0,1.0,0.0,1.0,,3.0,,0.0,0.0,0.0,3.0,1.0,0.0,,1.0,,,1.0,3.0,0.0,3.0,1.0,1.0,3.0,1.0,0.0,3.0,1.0,0.0,3.0,3.0,1.0,3.0,3.0,3.0,3.0,0.0,1.0,3.0,3.0,3.0,1.0,,3.0,3.0,,1.0,1.0,3.0,0.0,0.0,1.0,1.0
37,0.0,1.0,0.0,3.0,0.0,0.0,1.0,1.0,3.0,0.0,0.0,1.0,3.0,3.0,0.0,1.0,0.0,3.0,1.0,0.0,3.0,3.0,0.0,3.0,0.0,3.0,3.0,,3.0,0.0,0.0,0.0,1.0,0.0,1.0,,1.0,3.0,0.0,,3.0,1.0,1.0,1.0,1.0,3.0,3.0,1.0,3.0,0.0,0.0,3.0,3.0,0.0,0.0,3.0,1.0,3.0,,1.0,3.0,0.0,0.0,3.0,1.0,0.0,0.0,0.0,1.0,0.0,1.0,3.0,0.0,0.0,3.0,1.0,0.0,1.0,3.0,1.0,3.0,3.0,0.0,3.0,3.0,,0.0,,0.0,1.0,1.0,0.0,3.0,1.0,3.0,3.0,0.0,1.0,3.0,3.0,3.0,0.0,0.0,0.0,3.0,0.0,0.0,0.0,1.0,0.0
38,1.0,1.0,1.0,0.0,1.0,1.0,0.0,0.0,3.0,1.0,1.0,1.0,0.0,1.0,1.0,1.0,,,,1.0,1.0,0.0,1.0,3.0,3.0,0.0,3.0,3.0,1.0,3.0,0.0,3.0,3.0,1.0,3.0,3.0,,1.0,,3.0,3.0,3.0,1.0,0.0,3.0,1.0,1.0,3.0,0.0,1.0,0.0,0.0,3.0,0.0,1.0,1.0,3.0,3.0,3.0,1.0,3.0,3.0,0.0,3.0,3.0,0.0,1.0,3.0,,1.0,3.0,3.0,0.0,3.0,0.0,3.0,1.0,3.0,3.0,3.0,3.0,1.0,3.0,0.0,1.0,0.0,3.0,3.0,,3.0,1.0,3.0,0.0,3.0,0.0,3.0,1.0,1.0,1.0,0.0,0.0,0.0,0.0,1.0,,1.0,1.0,3.0,0.0,0.0
39,0.0,1.0,0.0,1.0,,3.0,1.0,3.0,0.0,3.0,1.0,1.0,1.0,0.0,1.0,0.0,0.0,0.0,0.0,3.0,,1.0,3.0,3.0,0.0,3.0,3.0,1.0,3.0,1.0,0.0,1.0,3.0,0.0,3.0,0.0,3.0,3.0,3.0,3.0,0.0,3.0,1.0,0.0,0.0,3.0,0.0,0.0,1.0,1.0,,3.0,3.0,,,3.0,1.0,3.0,3.0,3.0,3.0,3.0,3.0,1.0,1.0,1.0,1.0,1.0,0.0,1.0,3.0,3.0,3.0,0.0,1.0,3.0,,0.0,3.0,3.0,1.0,3.0,0.0,0.0,1.0,3.0,1.0,3.0,0.0,,3.0,1.0,1.0,3.0,0.0,3.0,1.0,1.0,3.0,,3.0,3.0,1.0,,,1.0,1.0,3.0,1.0,1.0
40,,1.0,,3.0,1.0,,3.0,1.0,1.0,0.0,0.0,0.0,0.0,1.0,,0.0,1.0,1.0,1.0,1.0,0.0,3.0,0.0,0.0,0.0,3.0,3.0,,3.0,1.0,0.0,0.0,3.0,1.0,1.0,0.0,3.0,1.0,1.0,1.0,1.0,3.0,1.0,1.0,1.0,1.0,0.0,0.0,0.0,3.0,3.0,3.0,0.0,1.0,0.0,3.0,3.0,1.0,3.0,3.0,1.0,3.0,1.0,1.0,3.0,1.0,0.0,1.0,0.0,3.0,1.0,1.0,1.0,1.0,3.0,0.0,0.0,3.0,3.0,1.0,1.0,3.0,3.0,1.0,1.0,3.0,,0.0,3.0,3.0,3.0,3.0,0.0,3.0,,0.0,,1.0,3.0,0.0,0.0,1.0,3.0,1.0,0.0,1.0,,1.0,,0.0
41,1.0,1.0,3.0,3.0,1.0,1.0,1.0,1.0,1.0,3.0,0.0,3.0,0.0,1.0,0.0,1.0,0.0,1.0,3.0,0.0,1.0,,3.0,3.0,0.0,3.0,3.0,3.0,1.0,3.0,,0.0,1.0,1.0,1.0,3.0,0.0,1.0,1.0,3.0,3.0,,0.0,0.0,1.0,1.0,1.0,3.0,0.0,0.0,1.0,1.0,3.0,3.0,1.0,3.0,3.0,3.0,1.0,3.0,3.0,3.0,0.0,1.0,3.0,0.0,1.0,1.0,1.0,3.0,,3.0,1.0,1.0,3.0,3.0,,1.0,0.0,1.0,3.0,3.0,,3.0,3.0,3.0,0.0,,3.0,1.0,3.0,3.0,3.0,1.0,3.0,1.0,0.0,,0.0,0.0,1.0,0.0,3.0,3.0,,0.0,3.0,1.0,3.0,3.0
42,1.0,0.0,1.0,3.0,1.0,0.0,0.0,3.0,,,,0.0,,1.0,0.0,1.0,3.0,3.0,1.0,1.0,0.0,3.0,3.0,0.0,1.0,1.0,3.0,3.0,,1.0,3.0,3.0,3.0,0.0,1.0,0.0,3.0,3.0,,0.0,3.0,0.0,0.0,3.0,0.0,0.0,1.0,,,3.0,0.0,1.0,1.0,1.0,1.0,3.0,,1.0,1.0,3.0,,,1.0,1.0,0.0,1.0,3.0,1.0,1.0,3.0,1.0,0.0,0.0,3.0,0.0,3.0,,3.0,3.0,,3.0,3.0,3.0,1.0,,3.0,3.0,3.0,3.0,1.0,3.0,0.0,0.0,0.0,0.0,3.0,3.0,3.0,3.0,0.0,3.0,3.0,0.0,0.0,1.0,1.0,1.0,0.0,0.0,0.0
43,,0.0,1.0,0.0,0.0,0.0,0.0,1.0,0.0,1.0,0.0,0.0,0.0,1.0,3.0,1.0,3.0,3.0,0.0,3.0,0.0,0.0,1.0,0.0,3.0,1.0,0.0,1.0,,3.0,0.0,3.0,3.0,0.0,3.0,,1.0,3.0,3.0,1.0,1.0,3.0,0.0,0.0,1.0,3.0,0.0,0.0,0.0,3.0,3.0,1.0,1.0,,3.0,0.0,3.0,3.0,3.0,1.0,3.0,3.0,3.0,1.0,0.0,1.0,0.0,3.0,3.0,1.0,3.0,3.0,3.0,3.0,0.0,3.0,1.0,3.0,,1.0,1.0,3.0,,3.0,3.0,1.0,0.0,,3.0,3.0,3.0,3.0,,3.0,3.0,1.0,3.0,3.0,1.0,3.0,0.0,0.0,0.0,1.0,1.0,0.0,1.0,,1.0,0.0
44,,0.0,0.0,1.0,0.0,3.0,0.0,1.0,3.0,3.0,3.0,0.0,,1.0,3.0,3.0,1.0,1.0,0.0,3.0,1.0,,0.0,3.0,0.0,3.0,1.0,0.0,3.0,1.0,1.0,0.0,1.0,0.0,0.0,3.0,,1.0,3.0,1.0,,0.0,0.0,3.0,1.0,3.0,3.0,0.0,3.0,3.0,0.0,1.0,0.0,0.0,0.0,3.0,3.0,3.0,0.0,3.0,3.0,1.0,1.0,1.0,1.0,0.0,0.0,1.0,1.0,1.0,0.0,0.0,0.0,1.0,3.0,3.0,3.0,0.0,3.0,1.0,0.0,1.0,0.0,3.0,3.0,1.0,,1.0,3.0,1.0,,3.0,3.0,1.0,0.0,0.0,1.0,,3.0,1.0,1.0,,1.0,3.0,1.0,0.0,0.0,1.0,1.0,3.0
45,0.0,0.0,,3.0,1.0,0.0,0.0,1.0,3.0,,0.0,0.0,,,3.0,0.0,1.0,1.0,0.0,1.0,3.0,0.0,1.0,3.0,3.0,3.0,3.0,1.0,3.0,3.0,3.0,1.0,0.0,0.0,0.0,3.0,0.0,3.0,1.0,3.0,1.0,3.0,1.0,,1.0,,0.0,3.0,3.0,3.0,3.0,3.0,3.0,1.0,3.0,3.0,3.0,0.0,3.0,3.0,1.0,1.0,3.0,1.0,0.0,3.0,1.0,3.0,0.0,1.0,1.0,0.0,3.0,1.0,3.0,3.0,3.0,3.0,3.0,3.0,1.0,1.0,1.0,3.0,0.0,3.0,1.0,0.0,1.0,3.0,3.0,1.0,3.0,3.0,0.0,3.0,,1.0,1.0,1.0,,1.0,3.0,0.0,1.0,3.0,0.0,1.0,3.0,3.0
46,3.0,3.0,3.0,1.0,1.0,0.0,3.0,1.0,1.0,3.0,0.0,1.0,3.0,,1.0,1.0,1.0,1.0,1.0,3.0,3.0,1.0,0.0,3.0,3.0,3.0,3.0,0.0,0.0,0.0,3.0,1.0,,3.0,0.0,0.0,3.0,3.0,,3.0,3.0,1.0,0.0,3.0,1.0,3.0,3.0,,1.0,1.0,0.0,3.0,,0.0,3.0,3.0,1.0,3.0,0.0,3.0,0.0,3.0,1.0,3.0,3.0,3.0,0.0,,,3.0,0.0,3.0,3.0,0.0,1.0,3.0,0.0,3.0,1.0,1.0,0.0,0.0,3.0,3.0,0.0,0.0,3.0,,3.0,3.0,3.0,1.0,1.0,3.0,1.0,3.0,3.0,0.0,0.0,1.0,3.0,1.0,0.0,0.0,,1.0,,,1.0,1.0
47,0.0,0.0,1.0,1.0,0.0,0.0,3.0,1.0,1.0,0.0,0.0,0.0,3.0,1.0,3.0,3.0,0.0,,3.0,0.0,1.0,1.0,1.0,1.0,3.0,3.0,0.0,0.0,0.0,3.0,1.0,1.0,3.0,0.0,3.0,3.0,0.0,3.0,1.0,1.0,1.0,,0.0,3.0,3.0,3.0,3.0,3.0,3.0,0.0,3.0,3.0,1.0,1.0,3.0,1.0,3.0,3.0,3.0,0.0,0.0,3.0,0.0,3.0,0.0,0.0,1.0,3.0,3.0,1.0,3.0,1.0,3.0,3.0,3.0,3.0,3.0,3.0,3.0,3.0,3.0,0.0,1.0,1.0,3.0,3.0,3.0,1.0,,1.0,0.0,3.0,0.0,1.0,3.0,3.0,3.0,,3.0,0.0,0.0,1.0,0.0,0.0,0.0,1.0,0.0,3.0,3.0,3.0
48,,0.0,1.0,0.0,0.0,3.0,3.0,3.0,1.0,0.0,0.0,1.0,0.0,0.0,0.0,0.0,0.0,3.0,3.0,,3.0,0.0,3.0,3.0,3.0,,0.0,1.0,0.0,3.0,,0.0,3.0,3.0,1.0,1.0,3.0,,1.0,1.0,0.0,3.0,0.0,,1.0,3.0,3.0,1.0,,3.0,3.0,3.0,3.0,3.0,0.0,1.0,3.0,,0.0,0.0,0.0,1.0,3.0,1.0,0.0,3.0,1.0,1.0,0.0,1.0,1.0,3.0,3.0,0.0,1.0,1.0,,1.0,3.0,3.0,3.0,1.0,,1.0,3.0,3.0,3.0,3.0,3.0,3.0,0.0,0.0,1.0,0.0,1.0,1.0,3.0,1.0,0.0,0.0,0.0,1.0,3.0,3.0,3.0,,1.0,0.0,,0.0
49,1.0,1.0,3.0,1.0,3.0,0.0,3.0,3.0,3.0,0.0,3.0,3.0,0.0,0.0,1.0,,1.0,0.0,0.0,0.0,0.0,,1.0,3.0,0.0,0.0,3.0,0.0,3.0,3.0,1.0,3.0,3.0,3.0,0.0,3.0,3.0,1.0,,3.0,1.0,3.0,1.0,0.0,3.0,1.0,1.0,1.0,3.0,1.0,3.0,1.0,0.0,3.0,0.0,0.0,1.0,3.0,0.0,3.0,1.0,3.0,,,1.0,1.0,1.0,3.0,1.0,3.0,1.0,3.0,0.0,1.0,3.0,3.0,3.0,3.0,3.0,1.0,3.0,1.0,1.0,3.0,3.0,3.0,3.0,1.0,3.0,1.0,1.0,0.0,1.0,0.0,0.0,3.0,3.0,0.0,3.0,3.0,0.0,0.0,0.0,1.0,1.0,1.0,,0.0,3.0,
50,1.0,0.0,1.0,0.0,0.0,1.0,0.0,1.0,3.0,3.0,3.0,0.0,1.0,3.0,0.0,0.0,3.0,0.0,0.0,0.0,1.0,0.0,3.0,1.0,3.0,,3.0,3.0,,1.0,3.0,1.0,1.0,0.0,,3.0,3.0,0.0,1.0,0.0,1.0,3.0,3.0,1.0,3.0,3.0,1.0,3.0,3.0,3.0,3.0,,3.0,1.0,3.0,3.0,0.0,0.0,3.0,0.0,3.0,3.0,0.0,3.0,0.0,3.0,0.0,0.0,3.0,3.0,3.0,0.0,3.0,1.0,,3.0,1.0,3.0,3.0,3.0,3.0,1.0,3.0,3.0,3.0,3.0,0.0,,3.0,1.0,3.0,3.0,0.0,3.0,1.0,0.0,0.0,1.0,1.0,1.0,1.0,,0.0,0.0,,0.0,3.0,3.0,1.0,0.0
51,3.0,3.0,3.0,3.0,0.0,1.0,0.0,1.0,3.0,1.0,0.0,0.0,0.0,0.0,0.0,1.0,,3.0,0.0,0.0,1.0,1.0,3.0,0.0,1.0,0.0,3.0,3.0,1.0,1.0,,0.0,3.0,3.0,1.0,1.0,3.0,1.0,,,1.0,3.0,3.0,1.0,0.0,3.0,3.0,3.0,3.0,1.0,1.0,3.0,3.0,0.0,3.0,1.0,1.0,3.0,3.0,0.0,0.0,,0.0,,3.0,1.0,1.0,3.0,3.0,0.0,3.0,1.0,3.0,3.0,3.0,3.0,3.0,0.0,0.0,3.0,3.0,1.0,3.0,1.0,3.0,3.0,1.0,3.0,,1.0,,1.0,3.0,3.0,1.0,1.0,1.0,0.0,1.0,,0.0,3.0,0.0,3.0,1.0,1.0,1.0,3.0,3.0,
52,1.0,1.0,1.0,3.0,3.0,0.0,0.0,0.0,1.0,1.0,0.0,1.0,1.0,0.0,3.0,0.0,,1.0,0.0,1.0,0.0,0.0,1.0,1.0,1.0,3.0,1.0,3.0,1.0,3.0,0.0,0.0,1.0,1.0,3.0,1.0,1.0,,0.0,1.0,3.0,3.0,3.0,3.0,0.0,0.0,3.0,3.0,0.0,1.0,3.0,,3.0,1.0,0.0,1.0,,3.0,1.0,3.0,,0.0,3.0,1.0,3.0,3.0,1.0,1.0,3.0,1.0,3.0,0.0,1.0,3.0,3.0,1.0,3.0,1.0,1.0,0.0,3.0,3.0,3.0,3.0,3.0,3.0,3.0,,3.0,3.0,3.0,1.0,1.0,0.0,3.0,,1.0,0.0,0.0,1.0,1.0,1.0,0.0,1.0,0.0,0.0,0.0,,1.0,1.0
53,3.0,0.0,3.0,3.0,1.0,3.0,1.0,0.0,3.0,3.0,0.0,1.0,3.0,0.0,1.0,0.0,1.0,0.0,0.0,1.0,0.0,0.0,3.0,0.0,0.0,1.0,0.0,3.0,1.0,0.0,,3.0,,0.0,0.0,0.0,,3.0,1.0,0.0,,1.0,0.0,3.0,3.0,0.0,1.0,1.0,0.0,3.0,0.0,3.0,3.0,3.0,0.0,0.0,3.0,1.0,1.0,1.0,0.0,0.0,1.0,3.0,0.0,1.0,0.0,1.0,3.0,3.0,0.0,0.0,0.0,3.0,3.0,3.0,0.0,3.0,1.0,3.0,3.0,3.0,1.0,3.0,3.0,1.0,0.0,1.0,0.0,3.0,3.0,3.0,1.0,0.0,1.0,1.0,0.0,0.0,0.0,0.0,,0.0,0.0,0.0,0.0,1.0,0.0,1.0,1.0,3.0
54,,0.0,1.0,1.0,3.0,3.0,,0.0,1.0,3.0,1.0,,1.0,1.0,,0.0,0.0,1.0,0.0,1.0,1.0,0.0,,0.0,3.0,3.0,1.0,3.0,1.0,1.0,1.0,1.0,1.0,0.0,3.0,,1.0,3.0,1.0,0.0,3.0,3.0,,,1.0,0.0,0.0,3.0,3.0,1.0,3.0,0.0,1.0,3.0,3.0,1.0,3.0,0.0,1.0,,3.0,0.0,0.0,3.0,0.0,0.0,1.0,1.0,1.0,1.0,3.0,3.0,3.0,3.0,1.0,,1.0,0.0,1.0,3.0,3.0,1.0,3.0,0.0,1.0,,0.0,3.0,3.0,0.0,1.0,,0.0,1.0,1.0,0.0,0.0,1.0,0.0,0.0,,1.0,1.0,,0.0,3.0,1.0,3.0,1.0,0.0
55,0.0,0.0,1.0,1.0,0.0,0.0,1.0,3.0,,3.0,3.0,3.0,3.0,3.0,0.0,1.0,1.0,1.0,0.0,1.0,0.0,3.0,3.0,0.0,0.0,,1.0,1.0,1.0,0.0,1.0,1.0,0.0,3.0,3.0,0.0,1.0,,3.0,0.0,3.0,,0.0,3.0,1.0,0.0,3.0,3.0,3.0,0.0,1.0,1.0,3.0,1.0,3.0,,0.0,1.0,1.0,,,1.0,3.0,3.0,1.0,3.0,,1.0,3.0,3.0,1.0,3.0,3.0,3.0,0.0,1.0,3.0,,3.0,1.0,0.0,0.0,0.0,3.0,3.0,1.0,3.0,3.0,3.0,3.0,1.0,3.0,1.0,,0.0,3.0,1.0,1.0,1.0,1.0,1.0,1.0,1.0,,3.0,3.0,,3.0,1.0,0.0
56,3.0,3.0,0.0,3.0,0.0,0.0,3.0,1.0,0.0,1.0,0.0,1.0,1.0,0.0,3.0,0.0,1.0,0.0,1.0,0.0,0.0,,1.0,1.0,3.0,0.0,,3.0,3.0,1.0,3.0,1.0,3.0,1.0,0.0,1.0,3.0,,3.0,0.0,0.0,0.0,1.0,0.0,3.0,0.0,0.0,1.0,1.0,3.0,1.0,0.0,,0.0,3.0,0.0,1.0,0.0,3.0,1.0,0.0,0.0,0.0,1.0,,1.0,3.0,1.0,,0.0,3.0,1.0,1.0,1.0,1.0,0.0,,1.0,3.0,3.0,3.0,3.0,3.0,3.0,3.0,1.0,3.0,1.0,1.0,3.0,3.0,1.0,1.0,3.0,0.0,0.0,3.0,1.0,1.0,1.0,3.0,,1.0,,1.0,0.0,1.0,3.0,1.0,1.0
57,3.0,3.0,3.0,0.0,1.0,3.0,0.0,1.0,1.0,0.0,0.0,0.0,0.0,1.0,3.0,0.0,0.0,1.0,3.0,3.0,0.0,0.0,1.0,1.0,1.0,3.0,0.0,0.0,1.0,0.0,0.0,0.0,1.0,3.0,0.0,0.0,0.0,3.0,1.0,1.0,0.0,0.0,0.0,1.0,,,0.0,3.0,1.0,3.0,0.0,0.0,3.0,,3.0,0.0,3.0,1.0,3.0,0.0,3.0,3.0,,3.0,1.0,0.0,3.0,0.0,3.0,3.0,1.0,,3.0,3.0,3.0,1.0,1.0,1.0,3.0,1.0,1.0,3.0,3.0,1.0,1.0,1.0,3.0,0.0,3.0,1.0,3.0,,3.0,1.0,,3.0,1.0,1.0,1.0,0.0,0.0,1.0,1.0,1.0,0.0,0.0,1.0,,1.0,
58,0.0,3.0,3.0,0.0,0.0,1.0,3.0,0.0,3.0,1.0,1.0,0.0,0.0,3.0,0.0,0.0,0.0,1.0,1.0,,1.0,0.0,3.0,0.0,3.0,3.0,0.0,1.0,0.0,3.0,3.0,1.0,3.0,1.0,3.0,3.0,,0.0,1.0,0.0,1.0,,3.0,1.0,3.0,1.0,3.0,1.0,0.0,1.0,0.0,,3.0,1.0,3.0,1.0,1.0,1.0,3.0,0.0,1.0,3.0,1.0,1.0,3.0,3.0,0.0,3.0,1.0,3.0,1.0,0.0,1.0,1.0,3.0,1.0,3.0,1.0,3.0,1.0,3.0,3.0,1.0,3.0,3.0,3.0,3.0,3.0,0.0,0.0,3.0,3.0,,1.0,1.0,0.0,3.0,1.0,0.0,3.0,3.0,1.0,0.0,0.0,0.0,1.0,3.0,1.0,,3.0
59,3.0,1.0,0.0,,0.0,3.0,3.0,0.0,,1.0,3.0,3.0,,1.0,0.0,0.0,0.0,3.0,1.0,1.0,0.0,1.0,0.0,0.0,0.0,0.0,1.0,0.0,0.0,,3.0,0.0,3.0,1.0,0.0,3.0,0.0,3.0,1.0,1.0,1.0,0.0,1.0,1.0,,0.0,3.0,1.0,1.0,0.0,0.0,,3.0,0.0,0.0,0.0,1.0,1.0,1.0,0.0,1.0,,1.0,0.0,1.0,1.0,1.0,0.0,3.0,1.0,1.0,3.0,0.0,1.0,3.0,3.0,3.0,1.0,3.0,1.0,1.0,0.0,0.0,3.0,0.0,1.0,1.0,0.0,3.0,1.0,3.0,0.0,3.0,3.0,0.0,1.0,3.0,0.0,3.0,1.0,3.0,3.0,,0.0,0.0,1.0,1.0,3.0,0.0,0.0
60,3.0,3.0,1.0,1.0,1.0,0.0,1.0,0.0,3.0,1.0,0.0,3.0,1.0,0.0,0.0,3.0,3.0,1.0,,1.0,1.0,0.0,0.0,1.0,,1.0,,1.0,0.0,0.0,1.0,3.0,1.0,3.0,0.0,1.0,0.0,1.0,0.0,1.0,3.0,1.0,1.0,0.0,1.0,3.0,,3.0,3.0,0.0,1.0,,0.0,1.0,0.0,1.0,,1.0,3.0,3.0,0.0,3.0,0.0,1.0,0.0,,0.0,3.0,1.0,0.0,,,,1.0,3.0,1.0,3.0,,3.0,3.0,3.0,1.0,1.0,1.0,0.0,3.0,1.0,3.0,0.0,0.0,3.0,3.0,1.0,0.0,3.0,1.0,3.0,0.0,1.0,3.0,,,3.0,0.0,0.0,0.0,3.0,3.0,1.0,1.0
61,0.0,3.0,3.0,0.0,0.0,0.0,0.0,1.0,1.0,1.0,0.0,,0.0,1.0,0.0,,1.0,1.0,1.0,1.0,3.0,0.0,,1.0,1.0,3.0,1.0,3.0,1.0,3.0,0.0,3.0,3.0,0.0,,3.0,3.0,0.0,3.0,0.0,1.0,0.0,1.0,3.0,0.0,1.0,1.0,1.0,1.0,3.0,0.0,1.0,,3.0,1.0,0.0,0.0,0.0,0.0,1.0,0.0,3.0,1.0,1.0,0.0,1.0,3.0,3.0,1.0,3.0,0.0,1.0,0.0,0.0,3.0,0.0,3.0,3.0,0.0,3.0,3.0,1.0,3.0,1.0,1.0,0.0,0.0,0.0,3.0,,1.0,3.0,3.0,1.0,0.0,,0.0,3.0,3.0,0.0,1.0,3.0,1.0,3.0,3.0,3.0,1.0,1.0,3.0,0.0
62,0.0,3.0,1.0,3.0,0.0,0.0,0.0,,0.0,0.0,0.0,,,0.0,0.0,1.0,0.0,1.0,0.0,1.0,0.0,0.0,,,1.0,0.0,3.0,3.0,3.0,1.0,1.0,1.0,1.0,1.0,3.0,3.0,1.0,1.0,3.0,0.0,0.0,1.0,0.0,1.0,1.0,1.0,3.0,3.0,0.0,0.0,1.0,0.0,3.0,1.0,0.0,,,3.0,0.0,3.0,,,0.0,3.0,0.0,0.0,0.0,1.0,1.0,0.0,,3.0,1.0,3.0,0.0,0.0,,1.0,3.0,1.0,3.0,0.0,3.0,0.0,1.0,0.0,3.0,3.0,1.0,3.0,3.0,1.0,3.0,0.0,0.0,1.0,1.0,0.0,,1.0,,1.0,1.0,0.0,0.0,1.0,3.0,,1.0,3.0
63,1.0,,3.0,3.0,1.0,0.0,0.0,1.0,1.0,1.0,,0.0,1.0,0.0,1.0,1.0,1.0,0.0,3.0,0.0,3.0,1.0,1.0,3.0,0.0,1.0,3.0,,1.0,0.0,3.0,1.0,0.0,3.0,0.0,1.0,,,,1.0,0.0,1.0,1.0,1.0,3.0,3.0,3.0,,3.0,1.0,3.0,3.0,0.0,0.0,1.0,0.0,1.0,0.0,0.0,1.0,0.0,3.0,0.0,,0.0,,1.0,0.0,1.0,3.0,0.0,1.0,3.0,1.0,3.0,0.0,3.0,1.0,0.0,,1.0,1.0,1.0,3.0,0.0,1.0,0.0,1.0,1.0,0.0,1.0,3.0,3.0,0.0,0.0,,1.0,3.0,1.0,3.0,1.0,0.0,3.0,3.0,1.0,1.0,,1.0,1.0,0.0
64,0.0,0.0,1.0,0.0,3.0,0.0,0.0,0.0,,3.0,3.0,3.0,1.0,0.0,,1.0,0.0,3.0,1.0,3.0,0.0,3.0,3.0,0.0,3.0,0.0,0.0,1.0,3.0,1.0,0.0,3.0,1.0,3.0,1.0,,0.0,0.0,0.0,1.0,1.0,1.0,3.0,3.0,0.0,1.0,3.0,3.0,1.0,1.0,1.0,1.0,0.0,1.0,1.0,0.0,1.0,,0.0,1.0,1.0,0.0,0.0,0.0,1.0,3.0,3.0,3.0,0.0,1.0,1.0,3.0,3.0,3.0,0.0,0.0,1.0,1.0,0.0,3.0,3.0,3.0,0.0,3.0,0.0,3.0,3.0,1.0,3.0,,,3.0,1.0,3.0,0.0,3.0,1.0,3.0,3.0,1.0,1.0,,0.0,3.0,0.0,1.0,1.0,3.0,3.0,1.0
65,1.0,1.0,0.0,1.0,3.0,0.0,,3.0,,0.0,0.0,1.0,1.0,1.0,1.0,1.0,1.0,0.0,1.0,,,1.0,0.0,0.0,1.0,3.0,0.0,1.0,3.0,3.0,3.0,0.0,1.0,1.0,0.0,1.0,1.0,,0.0,0.0,0.0,3.0,0.0,0.0,0.0,0.0,3.0,3.0,3.0,0.0,1.0,0.0,0.0,1.0,0.0,3.0,0.0,0.0,0.0,3.0,0.0,1.0,,0.0,1.0,1.0,0.0,0.0,1.0,3.0,1.0,3.0,1.0,0.0,3.0,3.0,,,,3.0,,3.0,3.0,3.0,1.0,3.0,3.0,3.0,0.0,0.0,0.0,,1.0,0.0,0.0,0.0,0.0,1.0,1.0,0.0,0.0,3.0,3.0,3.0,3.0,3.0,3.0,3.0,1.0,1.0
66,1.0,0.0,,1.0,1.0,0.0,3.0,0.0,3.0,1.0,1.0,0.0,3.0,0.0,1.0,3.0,0.0,1.0,0.0,0.0,0.0,3.0,3.0,3.0,1.0,3.0,1.0,,3.0,1.0,3.0,1.0,0.0,3.0,3.0,3.0,1.0,1.0,0.0,0.0,0.0,0.0,1.0,1.0,,1.0,,3.0,1.0,3.0,,0.0,1.0,1.0,1.0,0.0,1.0,1.0,1.0,1.0,3.0,1.0,1.0,1.0,3.0,3.0,0.0,1.0,0.0,0.0,1.0,0.0,3.0,1.0,1.0,1.0,1.0,3.0,0.0,1.0,1.0,3.0,3.0,3.0,1.0,3.0,1.0,3.0,3.0,1.0,,1.0,0.0,3.0,1.0,3.0,0.0,1.0,,1.0,0.0,0.0,0.0,0.0,0.0,3.0,0.0,0.0,,3.0
67,,3.0,0.0,0.0,0.0,,0.0,3.0,0.0,3.0,1.0,0.0,0.0,1.0,1.0,3.0,3.0,0.0,1.0,1.0,1.0,0.0,1.0,1.0,1.0,3.0,0.0,0.0,3.0,,3.0,0.0,1.0,1.0,3.0,0.0,3.0,1.0,1.0,1.0,0.0,3.0,3.0,0.0,1.0,0.0,1.0,3.0,3.0,1.0,1.0,,0.0,,0.0,0.0,1.0,1.0,1.0,1.0,1.0,0.0,0.0,1.0,0.0,0.0,3.0,0.0,,3.0,3.0,3.0,3.0,0.0,3.0,1.0,0.0,0.0,0.0,3.0,3.0,1.0,,3.0,1.0,,0.0,0.0,0.0,1.0,3.0,3.0,3.0,1.0,1.0,1.0,0.0,1.0,0.0,0.0,,1.0,3.0,1.0,0.0,0.0,,3.0,1.0,0.0
68,1.0,1.0,0.0,,1.0,3.0,3.0,1.0,,1.0,0.0,0.0,1.0,1.0,0.0,0.0,3.0,1.0,1.0,3.0,0.0,0.0,0.0,1.0,0.0,0.0,1.0,1.0,0.0,1.0,0.0,0.0,0.0,0.0,0.0,0.0,3.0,3.0,3.0,3.0,0.0,0.0,1.0,1.0,0.0,0.0,3.0,0.0,0.0,1.0,1.0,0.0,0.0,1.0,0.0,1.0,0.0,1.0,0.0,0.0,,,3.0,3.0,,0.0,0.0,3.0,1.0,0.0,3.0,0.0,1.0,0.0,0.0,0.0,1.0,1.0,3.0,1.0,3.0,1.0,3.0,1.0,1.0,1.0,0.0,1.0,0.0,1.0,1.0,1.0,1.0,1.0,3.0,,3.0,3.0,3.0,0.0,3.0,0.0,,3.0,1.0,0.0,3.0,0.0,3.0,3.0
69,0.0,3.0,0.0,0.0,0.0,3.0,0.0,3.0,1.0,1.0,1.0,1.0,1.0,,1.0,3.0,,1.0,3.0,0.0,1.0,0.0,0.0,1.0,1.0,0.0,0.0,3.0,,1.0,0.0,3.0,0.0,0.0,3.0,,1.0,1.0,1.0,1.0,1.0,0.0,1.0,,0.0,0.0,0.0,1.0,3.0,1.0,,0.0,0.0,0.0,1.0,1.0,0.0,1.0,0.0,,0.0,0.0,0.0,3.0,1.0,3.0,1.0,1.0,3.0,3.0,0.0,,0.0,1.0,3.0,0.0,3.0,1.0,3.0,0.0,3.0,1.0,1.0,1.0,3.0,3.0,0.0,,,1.0,1.0,3.0,0.0,3.0,3.0,0.0,1.0,3.0,3.0,3.0,3.0,3.0,3.0,0.0,1.0,,1.0,3.0,0.0,1.0
70,3.0,1.0,1.0,1.0,1.0,1.0,1.0,0.0,1.0,1.0,1.0,1.0,1.0,1.0,1.0,1.0,1.0,0.0,0.0,3.0,3.0,0.0,0.0,3.0,3.0,0.0,1.0,0.0,3.0,1.0,1.0,1.0,1.0,1.0,,,1.0,1.0,3.0,0.0,1.0,1.0,0.0,0.0,1.0,0.0,0.0,0.0,1.0,3.0,0.0,3.0,1.0,1.0,1.0,1.0,0.0,,0.0,1.0,0.0,1.0,1.0,3.0,0.0,1.0,0.0,1.0,3.0,3.0,1.0,1.0,0.0,3.0,,1.0,0.0,3.0,1.0,0.0,0.0,1.0,3.0,3.0,3.0,3.0,3.0,3.0,1.0,0.0,1.0,0.0,1.0,3.0,3.0,1.0,,0.0,3.0,3.0,0.0,3.0,1.0,,3.0,3.0,3.0,0.0,1.0,3.0
71,0.0,0.0,1.0,0.0,1.0,1.0,1.0,0.0,1.0,3.0,1.0,0.0,1.0,0.0,1.0,0.0,0.0,0.0,1.0,0.0,0.0,1.0,1.0,1.0,3.0,0.0,1.0,3.0,1.0,3.0,0.0,1.0,0.0,0.0,0.0,3.0,,0.0,0.0,0.0,3.0,3.0,3.0,0.0,1.0,0.0,,1.0,1.0,1.0,1.0,0.0,1.0,0.0,0.0,0.0,0.0,,1.0,1.0,3.0,1.0,3.0,,0.0,1.0,1.0,0.0,0.0,1.0,3.0,,1.0,0.0,3.0,3.0,3.0,1.0,3.0,1.0,1.0,0.0,3.0,1.0,3.0,1.0,3.0,3.0,0.0,1.0,3.0,0.0,1.0,1.0,1.0,1.0,3.0,3.0,1.0,0.0,3.0,1.0,,1.0,3.0,1.0,1.0,0.0,1.0,0.0
72,3.0,0.0,0.0,3.0,1.0,0.0,1.0,0.0,0.0,1.0,,0.0,0.0,0.0,1.0,,1.0,0.0,0.0,3.0,0.0,0.0,0.0,0.0,0.0,3.0,1.0,0.0,1.0,0.0,3.0,3.0,3.0,,,3.0,3.0,,1.0,1.0,1.0,1.0,1.0,0.0,0.0,1.0,0.0,1.0,3.0,0.0,1.0,1.0,0.0,0.0,,0.0,0.0,3.0,1.0,,3.0,1.0,0.0,3.0,3.0,3.0,3.0,3.0,0.0,1.0,0.0,3.0,1.0,1.0,3.0,1.0,3.0,1.0,1.0,1.0,0.0,1.0,3.0,1.0,0.0,0.0,0.0,0.0,3.0,1.0,3.0,1.0,0.0,0.0,3.0,3.0,1.0,3.0,0.0,3.0,,0.0,0.0,3.0,1.0,3.0,,0.0,1.0,3.0
73,1.0,3.0,0.0,1.0,0.0,1.0,0.0,0.0,1.0,,0.0,0.0,0.0,0.0,1.0,0.0,0.0,1.0,0.0,0.0,1.0,0.0,1.0,3.0,0.0,3.0,0.0,0.0,1.0,0.0,3.0,3.0,0.0,0.0,1.0,0.0,,0.0,0.0,0.0,1.0,,0.0,0.0,,0.0,0.0,,0.0,1.0,1.0,3.0,1.0,1.0,1.0,0.0,0.0,0.0,1.0,1.0,1.0,1.0,0.0,0.0,1.0,0.0,0.0,0.0,1.0,1.0,1.0,3.0,,1.0,1.0,1.0,0.0,1.0,1.0,1.0,0.0,3.0,1.0,3.0,3.0,1.0,,0.0,3.0,3.0,1.0,0.0,1.0,0.0,1.0,,0.0,1.0,0.0,1.0,3.0,3.0,3.0,,0.0,3.0,1.0,0.0,3.0,0.0
74,0.0,1.0,1.0,0.0,,,3.0,0.0,0.0,1.0,1.0,0.0,1.0,1.0,1.0,0.0,1.0,1.0,1.0,0.0,3.0,0.0,0.0,3.0,0.0,3.0,0.0,1.0,1.0,1.0,0.0,0.0,1.0,1.0,0.0,0.0,0.0,1.0,,,1.0,1.0,0.0,1.0,0.0,1.0,1.0,1.0,1.0,0.0,0.0,,1.0,0.0,0.0,3.0,1.0,1.0,1.0,3.0,1.0,1.0,0.0,,0.0,0.0,3.0,3.0,0.0,1.0,3.0,3.0,1.0,3.0,,1.0,1.0,0.0,3.0,3.0,0.0,3.0,3.0,0.0,0.0,1.0,3.0,,0.0,3.0,,1.0,1.0,0.0,1.0,0.0,0.0,0.0,3.0,3.0,,1.0,3.0,0.0,3.0,3.0,,1.0,3.0,0.0
75,3.0,0.0,,3.0,3.0,1.0,0.0,0.0,0.0,0.0,0.0,1.0,,0.0,1.0,0.0,1.0,0.0,1.0,1.0,0.0,0.0,3.0,0.0,1.0,3.0,0.0,0.0,0.0,,0.0,3.0,1.0,1.0,,0.0,3.0,1.0,0.0,0.0,0.0,1.0,1.0,1.0,1.0,0.0,0.0,1.0,0.0,1.0,,3.0,3.0,0.0,1.0,1.0,1.0,1.0,0.0,3.0,0.0,1.0,3.0,0.0,1.0,1.0,3.0,0.0,1.0,3.0,3.0,0.0,3.0,1.0,1.0,,3.0,,1.0,3.0,0.0,3.0,1.0,3.0,1.0,1.0,3.0,3.0,0.0,1.0,0.0,0.0,3.0,1.0,1.0,,3.0,3.0,1.0,3.0,0.0,3.0,3.0,3.0,1.0,3.0,3.0,1.0,0.0,0.0
76,3.0,1.0,1.0,0.0,,3.0,,1.0,3.0,0.0,1.0,3.0,0.0,0.0,1.0,1.0,1.0,0.0,0.0,1.0,3.0,1.0,0.0,3.0,0.0,0.0,0.0,0.0,3.0,0.0,0.0,0.0,3.0,0.0,1.0,1.0,1.0,0.0,3.0,1.0,0.0,1.0,1.0,1.0,0.0,3.0,0.0,3.0,3.0,1.0,1.0,0.0,1.0,1.0,3.0,0.0,1.0,0.0,0.0,3.0,0.0,,3.0,1.0,0.0,3.0,3.0,1.0,1.0,1.0,3.0,0.0,1.0,1.0,0.0,3.0,3.0,3.0,3.0,1.0,3.0,0.0,,3.0,0.0,0.0,3.0,,3.0,,1.0,3.0,3.0,3.0,1.0,3.0,3.0,1.0,0.0,,3.0,3.0,3.0,,3.0,3.0,1.0,3.0,3.0,0.0
77,0.0,1.0,1.0,3.0,1.0,0.0,1.0,0.0,1.0,0.0,0.0,0.0,1.0,1.0,0.0,0.0,3.0,1.0,0.0,1.0,0.0,0.0,0.0,3.0,1.0,1.0,0.0,3.0,1.0,3.0,0.0,,1.0,3.0,3.0,1.0,0.0,0.0,0.0,0.0,3.0,0.0,3.0,3.0,,3.0,1.0,1.0,1.0,0.0,3.0,1.0,1.0,0.0,0.0,,,3.0,,,3.0,0.0,3.0,0.0,1.0,0.0,0.0,1.0,3.0,0.0,0.0,3.0,0.0,1.0,0.0,0.0,1.0,,0.0,1.0,3.0,,1.0,3.0,3.0,1.0,,3.0,1.0,0.0,1.0,3.0,0.0,3.0,,3.0,1.0,1.0,0.0,3.0,3.0,0.0,0.0,3.0,1.0,1.0,3.0,0.0,1.0,1.0
78,3.0,1.0,1.0,0.0,,0.0,0.0,,0.0,0.0,0.0,1.0,1.0,1.0,1.0,0.0,1.0,1.0,,1.0,1.0,0.0,1.0,1.0,1.0,3.0,0.0,0.0,,1.0,0.0,0.0,0.0,1.0,0.0,3.0,3.0,1.0,1.0,3.0,,1.0,3.0,1.0,0.0,0.0,1.0,1.0,,3.0,,1.0,0.0,3.0,,0.0,1.0,3.0,1.0,1.0,3.0,0.0,0.0,3.0,1.0,3.0,1.0,1.0,1.0,3.0,1.0,0.0,,0.0,0.0,1.0,1.0,0.0,0.0,0.0,,0.0,3.0,,3.0,0.0,3.0,1.0,3.0,0.0,3.0,1.0,1.0,3.0,,1.0,1.0,0.0,3.0,0.0,3.0,,0.0,1.0,3.0,,3.0,3.0,3.0,1.0
79,0.0,0.0,0.0,3.0,1.0,0.0,1.0,0.0,1.0,1.0,3.0,0.0,,0.0,1.0,3.0,,1.0,3.0,3.0,3.0,3.0,0.0,1.0,1.0,,3.0,3.0,,3.0,0.0,3.0,1.0,3.0,1.0,3.0,3.0,1.0,0.0,0.0,1.0,1.0,,1.0,1.0,,3.0,3.0,,1.0,0.0,1.0,1.0,3.0,3.0,1.0,,1.0,1.0,0.0,0.0,0.0,1.0,3.0,0.0,3.0,3.0,3.0,,3.0,,0.0,1.0,3.0,3.0,3.0,1.0,3.0,1.0,3.0,1.0,1.0,3.0,1.0,0.0,3.0,1.0,3.0,1.0,1.0,3.0,0.0,3.0,0.0,3.0,0.0,3.0,3.0,,3.0,1.0,3.0,3.0,3.0,0.0,1.0,1.0,3.0,,
80,1.0,1.0,1.0,1.0,3.0,1.0,0.0,3.0,0.0,0.0,0.0,3.0,0.0,1.0,0.0,3.0,1.0,0.0,1.0,1.0,1.0,0.0,,0.0,0.0,0.0,1.0,0.0,3.0,,0.0,,0.0,3.0,0.0,0.0,1.0,3.0,1.0,3.0,1.0,0.0,1.0,3.0,3.0,1.0,3.0,0.0,0.0,0.0,3.0,3.0,3.0,3.0,3.0,0.0,0.0,,1.0,3.0,0.0,1.0,3.0,0.0,3.0,0.0,1.0,3.0,3.0,1.0,1.0,1.0,0.0,0.0,0.0,,1.0,0.0,0.0,0.0,3.0,1.0,0.0,,3.0,1.0,3.0,1.0,1.0,3.0,1.0,1.0,1.0,0.0,1.0,0.0,0.0,1.0,3.0,0.0,3.0,1.0,1.0,1.0,1.0,3.0,3.0,1.0,3.0,1.0
81,1.0,1.0,3.0,1.0,1.0,0.0,3.0,1.0,1.0,0.0,3.0,1.0,0.0,0.0,0.0,3.0,3.0,1.0,1.0,1.0,3.0,1.0,0.0,1.0,0.0,1.0,1.0,1.0,3.0,0.0,,1.0,3.0,1.0,0.0,3.0,1.0,3.0,0.0,1.0,3.0,3.0,0.0,0.0,,1.0,1.0,0.0,0.0,3.0,3.0,3.0,1.0,1.0,1.0,3.0,0.0,1.0,3.0,0.0,1.0,3.0,3.0,0.0,3.0,0.0,1.0,3.0,0.0,,1.0,3.0,0.0,3.0,1.0,,1.0,1.0,1.0,0.0,0.0,1.0,3.0,3.0,1.0,1.0,1.0,0.0,3.0,1.0,3.0,1.0,0.0,,0.0,1.0,3.0,1.0,3.0,3.0,3.0,1.0,3.0,1.0,3.0,3.0,3.0,3.0,1.0,0.0
82,0.0,1.0,1.0,0.0,3.0,3.0,0.0,3.0,0.0,,1.0,0.0,1.0,0.0,0.0,1.0,1.0,3.0,0.0,,3.0,0.0,1.0,0.0,1.0,0.0,0.0,0.0,3.0,,3.0,1.0,3.0,1.0,0.0,0.0,1.0,1.0,3.0,0.0,1.0,0.0,0.0,0.0,1.0,3.0,1.0,0.0,3.0,0.0,0.0,3.0,3.0,3.0,3.0,3.0,0.0,1.0,,3.0,,3.0,,3.0,0.0,0.0,3.0,1.0,0.0,3.0,3.0,0.0,,3.0,1.0,0.0,0.0,3.0,1.0,,1.0,0.0,1.0,3.0,3.0,1.0,1.0,0.0,3.0,3.0,3.0,3.0,3.0,3.0,1.0,1.0,3.0,1.0,3.0,0.0,1.0,,1.0,1.0,3.0,3.0,1.0,3.0,1.0,0.0
83,3.0,1.0,,0.0,1.0,1.0,0.0,3.0,0.0,1.0,3.0,0.0,,0.0,0.0,0.0,0.0,1.0,0.0,3.0,0.0,1.0,,,1.0,3.0,1.0,1.0,1.0,1.0,0.0,1.0,0.0,1.0,0.0,0.0,1.0,0.0,3.0,0.0,1.0,0.0,0.0,3.0,0.0,3.0,0.0,3.0,1.0,1.0,1.0,3.0,3.0,0.0,3.0,3.0,,3.0,3.0,0.0,0.0,1.0,1.0,1.0,3.0,3.0,0.0,0.0,1.0,3.0,1.0,1.0,1.0,1.0,1.0,3.0,0.0,3.0,3.0,1.0,3.0,0.0,,3.0,0.0,0.0,3.0,1.0,0.0,0.0,0.0,1.0,0.0,,0.0,1.0,,0.0,3.0,0.0,3.0,3.0,3.0,,1.0,3.0,3.0,1.0,0.0,0.0
84,1.0,1.0,0.0,0.0,0.0,1.0,0.0,1.0,0.0,3.0,0.0,1.0,0.0,0.0,1.0,0.0,0.0,0.0,0.0,0.0,0.0,0.0,1.0,0.0,0.0,0.0,3.0,1.0,3.0,1.0,1.0,0.0,1.0,,3.0,1.0,1.0,3.0,1.0,0.0,1.0,0.0,3.0,1.0,0.0,0.0,0.0,1.0,3.0,0.0,0.0,,3.0,0.0,,1.0,1.0,3.0,0.0,1.0,0.0,0.0,0.0,1.0,1.0,1.0,1.0,0.0,0.0,0.0,3.0,1.0,3.0,0.0,0.0,,3.0,3.0,0.0,3.0,3.0,3.0,0.0,0.0,1.0,3.0,1.0,,1.0,0.0,3.0,1.0,1.0,3.0,0.0,0.0,0.0,3.0,1.0,1.0,,1.0,1.0,1.0,1.0,1.0,0.0,3.0,1.0,0.0
85,3.0,1.0,0.0,1.0,1.0,1.0,0.0,0.0,3.0,0.0,1.0,1.0,0.0,0.0,3.0,0.0,,3.0,1.0,0.0,0.0,3.0,1.0,0.0,3.0,0.0,3.0,1.0,3.0,1.0,0.0,0.0,1.0,0.0,0.0,3.0,3.0,1.0,1.0,,3.0,3.0,0.0,1.0,1.0,1.0,1.0,,1.0,3.0,3.0,1.0,1.0,3.0,0.0,1.0,3.0,0.0,0.0,1.0,3.0,3.0,1.0,0.0,0.0,3.0,0.0,1.0,0.0,3.0,0.0,1.0,1.0,3.0,3.0,1.0,1.0,1.0,1.0,3.0,1.0,3.0,1.0,1.0,1.0,,3.0,1.0,,3.0,3.0,0.0,,3.0,1.0,1.0,1.0,1.0,0.0,0.0,1.0,1.0,0.0,3.0,1.0,0.0,3.0,1.0,1.0,1.0
86,0.0,1.0,1.0,3.0,1.0,0.0,0.0,1.0,1.0,0.0,1.0,,1.0,0.0,0.0,0.0,1.0,0.0,3.0,1.0,3.0,0.0,1.0,1.0,3.0,0.0,1.0,3.0,0.0,3.0,1.0,0.0,3.0,3.0,3.0,1.0,0.0,3.0,0.0,3.0,,0.0,1.0,1.0,1.0,0.0,3.0,0.0,1.0,1.0,0.0,0.0,,3.0,1.0,3.0,1.0,1.0,3.0,1.0,3.0,0.0,0.0,3.0,1.0,1.0,3.0,1.0,3.0,3.0,,1.0,0.0,3.0,0.0,1.0,1.0,0.0,1.0,3.0,1.0,3.0,1.0,0.0,,1.0,0.0,1.0,1.0,1.0,0.0,1.0,3.0,1.0,,3.0,3.0,0.0,1.0,0.0,1.0,1.0,1.0,1.0,1.0,1.0,1.0,1.0,0.0,3.0
87,0.0,0.0,3.0,1.0,1.0,0.0,3.0,1.0,1.0,1.0,1.0,1.0,,3.0,1.0,0.0,0.0,0.0,1.0,1.0,1.0,1.0,0.0,0.0,1.0,0.0,1.0,,3.0,1.0,3.0,0.0,,0.0,0.0,3.0,1.0,1.0,0.0,1.0,0.0,3.0,3.0,0.0,,3.0,,3.0,1.0,0.0,0.0,0.0,1.0,3.0,1.0,,0.0,1.0,3.0,,3.0,0.0,3.0,0.0,1.0,0.0,,1.0,3.0,1.0,1.0,0.0,3.0,3.0,1.0,0.0,1.0,0.0,3.0,1.0,1.0,1.0,1.0,1.0,0.0,1.0,,1.0,1.0,1.0,0.0,0.0,3.0,3.0,0.0,1.0,3.0,0.0,1.0,1.0,0.0,1.0,3.0,0.0,3.0,3.0,1.0,0.0,0.0,0.0
88,1.0,1.0,0.0,0.0,0.0,0.0,0.0,1.0,0.0,1.0,0.0,1.0,1.0,3.0,0.0,1.0,0.0,1.0,,3.0,3.0,1.0,0.0,0.0,1.0,1.0,,1.0,3.0,3.0,1.0,0.0,1.0,1.0,3.0,0.0,1.0,1.0,3.0,3.0,3.0,3.0,0.0,1.0,3.0,0.0,3.0,0.0,0.0,0.0,1.0,3.0,3.0,1.0,0.0,,1.0,,1.0,,0.0,1.0,1.0,1.0,0.0,0.0,0.0,0.0,3.0,3.0,3.0,0.0,1.0,1.0,3.0,3.0,1.0,1.0,1.0,3.0,3.0,3.0,3.0,1.0,0.0,0.0,3.0,3.0,,0.0,3.0,1.0,1.0,1.0,1.0,3.0,0.0,1.0,0.0,,0.0,0.0,1.0,1.0,1.0,0.0,1.0,1.0,,3.0
89,,1.0,3.0,3.0,0.0,3.0,1.0,1.0,0.0,3.0,0.0,0.0,1.0,,0.0,1.0,0.0,1.0,,1.0,0.0,1.0,1.0,0.0,1.0,1.0,,3.0,0.0,3.0,3.0,3.0,1.0,0.0,1.0,,1.0,3.0,1.0,0.0,1.0,0.0,3.0,3.0,0.0,1.0,0.0,3.0,3.0,1.0,,1.0,1.0,3.0,0.0,1.0,3.0,1.0,,1.0,1.0,3.0,,1.0,0.0,0.0,1.0,1.0,3.0,3.0,3.0,1.0,3.0,1.0,1.0,3.0,3.0,1.0,0.0,3.0,0.0,3.0,0.0,1.0,1.0,1.0,0.0,0.0,1.0,1.0,3.0,0.0,0.0,0.0,0.0,,1.0,3.0,3.0,3.0,1.0,,3.0,0.0,3.0,0.0,0.0,,0.0,1.0
90,1.0,1.0,3.0,0.0,0.0,0.0,1.0,0.0,1.0,1.0,0.0,0.0,1.0,1.0,3.0,0.0,1.0,0.0,3.0,0.0,3.0,1.0,1.0,3.0,1.0,3.0,0.0,0.0,3.0,0.0,0.0,3.0,3.0,1.0,3.0,0.0,3.0,3.0,1.0,0.0,3.0,3.0,3.0,3.0,,1.0,0.0,1.0,3.0,1.0,1.0,,1.0,0.0,0.0,1.0,1.0,3.0,0.0,,3.0,1.0,1.0,,3.0,,3.0,3.0,0.0,1.0,0.0,0.0,3.0,0.0,0.0,0.0,1.0,0.0,1.0,3.0,0.0,0.0,0.0,,1.0,1.0,1.0,3.0,0.0,0.0,1.0,1.0,0.0,0.0,1.0,,0.0,0.0,1.0,3.0,0.0,1.0,,1.0,1.0,0.0,0.0,1.0,,0.0
91,0.0,1.0,3.0,1.0,1.0,1.0,0.0,,1.0,1.0,0.0,0.0,1.0,0.0,1.0,0.0,,,1.0,3.0,1.0,0.0,0.0,1.0,0.0,3.0,1.0,1.0,1.0,1.0,1.0,3.0,1.0,,3.0,1.0,,3.0,0.0,3.0,0.0,1.0,3.0,1.0,0.0,0.0,3.0,,3.0,3.0,1.0,3.0,0.0,3.0,1.0,3.0,0.0,0.0,0.0,0.0,0.0,0.0,0.0,0.0,3.0,0.0,3.0,3.0,1.0,0.0,3.0,1.0,1.0,1.0,0.0,1.0,1.0,1.0,0.0,1.0,0.0,,1.0,3.0,0.0,1.0,1.0,3.0,,0.0,,3.0,0.0,3.0,1.0,1.0,3.0,1.0,0.0,1.0,3.0,1.0,3.0,0.0,,1.0,1.0,0.0,0.0,3.0
92,1.0,1.0,,0.0,3.0,1.0,0.0,0.0,3.0,0.0,,1.0,1.0,3.0,0.0,3.0,0.0,0.0,0.0,1.0,3.0,0.0,0.0,1.0,3.0,0.0,1.0,3.0,3.0,3.0,3.0,3.0,1.0,3.0,1.0,3.0,1.0,1.0,0.0,1.0,3.0,1.0,3.0,1.0,3.0,3.0,,0.0,,1.0,1.0,3.0,1.0,1.0,1.0,,3.0,0.0,0.0,1.0,0.0,3.0,1.0,0.0,1.0,3.0,0.0,3.0,1.0,1.0,0.0,1.0,,0.0,1.0,1.0,0.0,1.0,1.0,3.0,1.0,0.0,0.0,1.0,1.0,0.0,3.0,0.0,1.0,3.0,0.0,1.0,0.0,3.0,3.0,1.0,0.0,3.0,1.0,0.0,3.0,3.0,3.0,3.0,3.0,3.0,1.0,1.0,0.0,1.0
93,1.0,0.0,0.0,1.0,0.0,1.0,1.0,0.0,1.0,1.0,1.0,3.0,3.0,1.0,,1.0,1.0,3.0,,3.0,3.0,0.0,,3.0,3.0,1.0,0.0,1.0,3.0,1.0,0.0,1.0,3.0,1.0,3.0,0.0,3.0,3.0,3.0,3.0,0.0,,1.0,1.0,3.0,3.0,1.0,0.0,0.0,3.0,3.0,3.0,1.0,1.0,1.0,3.0,1.0,3.0,3.0,1.0,0.0,0.0,1.0,0.0,3.0,1.0,1.0,1.0,3.0,3.0,0.0,,3.0,0.0,0.0,1.0,0.0,1.0,3.0,3.0,,,1.0,1.0,1.0,3.0,0.0,1.0,1.0,1.0,1.0,0.0,3.0,0.0,3.0,3.0,1.0,0.0,1.0,1.0,0.0,,1.0,0.0,0.0,0.0,0.0,3.0,0.0,1.0
94,3.0,1.0,1.0,3.0,1.0,,,,,1.0,0.0,1.0,3.0,3.0,1.0,1.0,0.0,3.0,1.0,,3.0,0.0,1.0,1.0,3.0,3.0,0.0,0.0,3.0,3.0,,3.0,3.0,1.0,3.0,3.0,0.0,0.0,3.0,3.0,0.0,3.0,0.0,1.0,1.0,0.0,0.0,3.0,1.0,3.0,0.0,3.0,,,1.0,1.0,1.0,1.0,0.0,1.0,3.0,1.0,0.0,0.0,3.0,3.0,1.0,3.0,0.0,3.0,1.0,1.0,3.0,1.0,0.0,3.0,0.0,1.0,1.0,0.0,0.0,0.0,0.0,3.0,3.0,1.0,3.0,,3.0,,3.0,1.0,3.0,0.0,3.0,0.0,3.0,0.0,0.0,1.0,0.0,1.0,0.0,0.0,3.0,1.0,1.0,0.0,1.0,3.0
95,0.0,3.0,,1.0,,1.0,0.0,0.0,1.0,0.0,0.0,3.0,1.0,0.0,1.0,1.0,0.0,3.0,0.0,1.0,0.0,,0.0,1.0,0.0,3.0,3.0,3.0,0.0,,3.0,0.0,3.0,3.0,1.0,3.0,3.0,,3.0,3.0,0.0,1.0,3.0,0.0,0.0,3.0,1.0,,1.0,3.0,1.0,3.0,3.0,0.0,3.0,3.0,,0.0,1.0,3.0,0.0,1.0,3.0,3.0,0.0,3.0,3.0,3.0,0.0,3.0,,3.0,3.0,0.0,3.0,3.0,1.0,1.0,3.0,0.0,1.0,1.0,3.0,1.0,3.0,1.0,0.0,1.0,1.0,3.0,1.0,3.0,1.0,0.0,1.0,1.0,3.0,3.0,3.0,1.0,0.0,1.0,0.0,0.0,3.0,1.0,0.0,3.0,0.0,1.0
96,0.0,0.0,1.0,1.0,0.0,1.0,1.0,,0.0,0.0,1.0,1.0,0.0,1.0,3.0,3.0,0.0,3.0,0.0,3.0,0.0,0.0,3.0,1.0,,1.0,0.0,,1.0,3.0,0.0,0.0,3.0,0.0,1.0,1.0,3.0,1.0,0.0,0.0,3.0,3.0,3.0,,3.0,0.0,3.0,,1.0,0.0,0.0,1.0,0.0,1.0,1.0,1.0,1.0,1.0,0.0,3.0,1.0,0.0,,1.0,0.0,3.0,3.0,1.0,1.0,0.0,3.0,1.0,,1.0,3.0,1.0,0.0,3.0,1.0,0.0,3.0,0.0,1.0,3.0,3.0,0.0,3.0,3.0,0.0,1.0,0.0,0.0,3.0,1.0,1.0,3.0,0.0,0.0,0.0,1.0,3.0,1.0,0.0,1.0,3.0,1.0,0.0,3.0,1.0,1.0
97,1.0,3.0,,1.0,1.0,1.0,1.0,0.0,3.0,3.0,0.0,1.0,3.0,3.0,0.0,1.0,1.0,1.0,0.0,0.0,0.0,1.0,3.0,3.0,1.0,3.0,1.0,0.0,3.0,3.0,1.0,0.0,1.0,1.0,0.0,3.0,3.0,3.0,1.0,3.0,3.0,3.0,0.0,0.0,3.0,3.0,3.0,3.0,1.0,3.0,3.0,3.0,3.0,3.0,3.0,1.0,,3.0,1.0,3.0,1.0,0.0,3.0,,3.0,3.0,3.0,3.0,3.0,3.0,,0.0,1.0,,0.0,,1.0,3.0,1.0,3.0,1.0,1.0,0.0,,0.0,1.0,0.0,1.0,3.0,1.0,3.0,0.0,0.0,1.0,3.0,1.0,1.0,3.0,0.0,1.0,,1.0,0.0,0.0,3.0,1.0,0.0,1.0,3.0,3.0
98,0.0,,3.0,1.0,0.0,0.0,1.0,1.0,1.0,,1.0,1.0,1.0,1.0,0.0,0.0,0.0,0.0,1.0,3.0,0.0,3.0,0.0,3.0,1.0,1.0,1.0,1.0,0.0,1.0,1.0,1.0,1.0,3.0,1.0,1.0,1.0,0.0,3.0,0.0,3.0,0.0,0.0,0.0,3.0,3.0,1.0,0.0,0.0,0.0,3.0,1.0,1.0,1.0,3.0,1.0,1.0,3.0,0.0,0.0,3.0,1.0,3.0,,1.0,3.0,3.0,3.0,3.0,3.0,1.0,3.0,1.0,1.0,,1.0,1.0,1.0,0.0,1.0,,3.0,3.0,1.0,1.0,3.0,0.0,3.0,0.0,1.0,3.0,0.0,3.0,3.0,,,,,1.0,3.0,3.0,3.0,1.0,3.0,3.0,1.0,1.0,1.0,1.0,0.0
99,1.0,0.0,1.0,,3.0,0.0,,3.0,1.0,1.0,3.0,1.0,0.0,0.0,1.0,1.0,3.0,1.0,1.0,1.0,,3.0,1.0,1.0,3.0,,1.0,1.0,,3.0,0.0,,0.0,3.0,1.0,3.0,,0.0,1.0,1.0,3.0,3.0,1.0,3.0,3.0,0.0,1.0,,0.0,3.0,0.0,3.0,0.0,1.0,0.0,1.0,,,0.0,0.0,,3.0,1.0,0.0,0.0,1.0,3.0,1.0,3.0,0.0,0.0,0.0,1.0,1.0,3.0,0.0,0.0,,1.0,3.0,3.0,3.0,1.0,0.0,0.0,0.0,1.0,0.0,3.0,0.0,0.0,3.0,1.0,3.0,3.0,1.0,,1.0,0.0,0.0,1.0,3.0,,1.0,1.0,1.0,0.0,0.0,1.0,0.0
100,3.0,,1.0,3.0,3.0,1.0,,0.0,3.0,0.0,0.0,1.0,0.0,1.0,0.0,1.0,3.0,1.0,3.0,3.0,1.0,1.0,1.0,3.0,1.0,1.0,3.0,0.0,,3.0,3.0,1.0,3.0,3.0,3.0,3.0,1.0,3.0,1.0,3.0,3.0,1.0,1.0,0.0,3.0,1.0,1.0,3.0,,0.0,3.0,0.0,,0.0,1.0,1.0,1.0,0.0,0.0,1.0,0.0,3.0,1.0,1.0,3.0,3.0,1.0,,1.0,1.0,3.0,1.0,0.0,0.0,0.0,3.0,3.0,1.0,0.0,3.0,0.0,3.0,1.0,3.0,0.0,1.0,,1.0,0.0,3.0,1.0,3.0,3.0,0.0,0.0,0.0,1.0,3.0,3.0,,0.0,0.0,3.0,1.0,0.0,1.0,3.0,0.0,1.0,1.0
101,3.0,0.0,1.0,1.0,,0.0,3.0,0.0,0.0,1.0,0.0,1.0,0.0,3.0,1.0,3.0,0.0,1.0,0.0,1.0,0.0,0.0,,0.0,3.0,0.0,3.0,1.0,1.0,1.0,0.0,3.0,3.0,3.0,1.0,0.0,3.0,0.0,0.0,1.0,3.0,,,1.0,1.0,3.0,,0.0,3.0,1.0,1.0,1.0,3.0,3.0,0.0,1.0,0.0,1.0,3.0,1.0,0.0,3.0,3.0,1.0,3.0,1.0,3.0,1.0,1.0,3.0,1.0,1.0,1.0,3.0,0.0,3.0,,,3.0,0.0,0.0,0.0,0.0,0.0,1.0,1.0,,1.0,1.0,3.0,0.0,0.0,3.0,0.0,0.0,3.0,,,3.0,0.0,1.0,1.0,0.0,3.0,0.0,1.0,0.0,3.0,3.0,0.0
102,1.0,0.0,0.0,1.0,3.0,0.0,,1.0,3.0,1.0,,,1.0,0.0,1.0,3.0,1.0,3.0,0.0,1.0,0.0,1.0,0.0,3.0,,0.0,1.0,3.0,1.0,1.0,0.0,3.0,3.0,0.0,1.0,3.0,0.0,,3.0,1.0,0.0,3.0,1.0,1.0,0.0,3.0,3.0,3.0,3.0,3.0,3.0,1.0,0.0,1.0,3.0,3.0,0.0,0.0,1.0,1.0,0.0,3.0,3.0,,0.0,0.0,1.0,3.0,1.0,0.0,3.0,3.0,3.0,3.0,0.0,3.0,0.0,3.0,3.0,3.0,3.0,,,1.0,1.0,0.0,,1.0,0.0,1.0,0.0,,3.0,1.0,0.0,3.0,1.0,1.0,3.0,1.0,0.0,0.0,0.0,3.0,3.0,1.0,3.0,0.0,1.0,3.0
103,0.0,0.0,1.0,0.0,3.0,3.0,3.0,3.0,1.0,1.0,1.0,,0.0,1.0,1.0,0.0,3.0,3.0,3.0,0.0,0.0,3.0,3.0,0.0,1.0,1.0,0.0,1.0,0.0,1.0,1.0,1.0,1.0,1.0,1.0,0.0,1.0,1.0,1.0,,3.0,3.0,0.0,,1.0,3.0,3.0,0.0,1.0,3.0,1.0,3.0,0.0,0.0,3.0,1.0,0.0,3.0,1.0,3.0,3.0,,0.0,3.0,3.0,3.0,3.0,3.0,3.0,3.0,3.0,3.0,3.0,3.0,3.0,3.0,1.0,0.0,3.0,3.0,3.0,0.0,0.0,3.0,3.0,1.0,0.0,3.0,1.0,1.0,1.0,1.0,1.0,1.0,3.0,1.0,0.0,3.0,3.0,1.0,0.0,1.0,3.0,1.0,0.0,,0.0,0.0,1.0,3.0
104,1.0,1.0,1.0,3.0,0.0,1.0,0.0,0.0,1.0,3.0,3.0,1.0,1.0,3.0,1.0,1.0,1.0,0.0,,1.0,0.0,3.0,1.0,1.0,1.0,0.0,3.0,3.0,1.0,0.0,0.0,1.0,0.0,0.0,0.0,0.0,3.0,,1.0,3.0,1.0,3.0,,3.0,,3.0,3.0,1.0,0.0,1.0,0.0,0.0,3.0,3.0,3.0,0.0,3.0,,1.0,1.0,0.0,1.0,3.0,3.0,3.0,3.0,1.0,3.0,1.0,0.0,3.0,3.0,3.0,0.0,3.0,0.0,3.0,0.0,3.0,3.0,3.0,0.0,3.0,1.0,,,3.0,0.0,,3.0,3.0,3.0,1.0,1.0,3.0,,0.0,,3.0,3.0,0.0,3.0,1.0,0.0,3.0,3.0,,0.0,3.0,1.0
105,1.0,0.0,0.0,3.0,1.0,3.0,1.0,1.0,0.0,0.0,3.0,1.0,0.0,1.0,0.0,3.0,0.0,0.0,3.0,0.0,0.0,0.0,0.0,0.0,1.0,,1.0,0.0,0.0,0.0,1.0,0.0,1.0,0.0,3.0,0.0,3.0,1.0,0.0,3.0,3.0,3.0,0.0,3.0,3.0,3.0,1.0,0.0,,0.0,1.0,1.0,3.0,0.0,1.0,1.0,1.0,3.0,3.0,1.0,,3.0,0.0,3.0,3.0,3.0,1.0,,1.0,3.0,1.0,3.0,1.0,1.0,3.0,3.0,1.0,3.0,,1.0,1.0,3.0,,1.0,1.0,1.0,3.0,3.0,3.0,3.0,1.0,0.0,3.0,1.0,1.0,3.0,3.0,3.0,1.0,1.0,0.0,1.0,3.0,3.0,1.0,3.0,0.0,0.0,0.0,
106,1.0,0.0,,0.0,3.0,0.0,1.0,3.0,1.0,1.0,,1.0,0.0,3.0,0.0,1.0,1.0,1.0,1.0,1.0,0.0,1.0,0.0,0.0,0.0,1.0,1.0,0.0,0.0,0.0,3.0,1.0,0.0,0.0,1.0,0.0,3.0,3.0,1.0,0.0,,1.0,0.0,3.0,0.0,1.0,,3.0,1.0,0.0,1.0,3.0,3.0,0.0,3.0,0.0,3.0,1.0,1.0,0.0,0.0,0.0,1.0,3.0,,3.0,1.0,3.0,3.0,0.0,0.0,1.0,3.0,3.0,0.0,1.0,1.0,,3.0,0.0,,,3.0,3.0,0.0,3.0,3.0,3.0,1.0,3.0,0.0,3.0,1.0,3.0,1.0,0.0,0.0,3.0,3.0,3.0,3.0,0.0,3.0,3.0,3.0,3.0,0.0,1.0,1.0,3.0
107,3.0,3.0,,,3.0,3.0,0.0,1.0,3.0,0.0,1.0,0.0,3.0,0.0,3.0,,3.0,3.0,1.0,,1.0,0.0,0.0,0.0,0.0,,1.0,0.0,1.0,,,,0.0,1.0,3.0,3.0,1.0,3.0,0.0,0.0,1.0,3.0,3.0,1.0,1.0,3.0,3.0,1.0,1.0,0.0,1.0,0.0,0.0,1.0,1.0,3.0,1.0,3.0,,1.0,0.0,,3.0,1.0,3.0,0.0,3.0,3.0,1.0,1.0,3.0,0.0,0.0,0.0,1.0,1.0,3.0,0.0,3.0,0.0,,0.0,3.0,1.0,1.0,0.0,,1.0,3.0,0.0,3.0,0.0,0.0,,3.0,1.0,1.0,3.0,,1.0,0.0,0.0,0.0,0.0,,0.0,3.0,1.0,1.0,3.0
108,3.0,0.0,1.0,1.0,3.0,,0.0,3.0,0.0,1.0,0.0,3.0,0.0,1.0,1.0,1.0,3.0,1.0,1.0,,0.0,1.0,0.0,1.0,1.0,1.0,3.0,0.0,0.0,1.0,3.0,0.0,0.0,0.0,3.0,3.0,3.0,0.0,3.0,3.0,1.0,3.0,0.0,3.0,1.0,0.0,0.0,1.0,1.0,,3.0,3.0,3.0,1.0,1.0,0.0,3.0,1.0,0.0,1.0,,3.0,1.0,1.0,3.0,1.0,0.0,3.0,,3.0,1.0,3.0,1.0,1.0,3.0,1.0,1.0,1.0,1.0,0.0,1.0,3.0,1.0,0.0,0.0,1.0,3.0,0.0,0.0,3.0,0.0,0.0,3.0,1.0,3.0,3.0,3.0,3.0,3.0,3.0,0.0,,,1.0,3.0,3.0,0.0,0.0,3.0,0.0
109,1.0,0.0,,1.0,1.0,3.0,3.0,,0.0,3.0,0.0,1.0,0.0,1.0,1.0,0.0,0.0,1.0,0.0,1.0,1.0,0.0,0.0,1.0,,0.0,1.0,0.0,1.0,0.0,1.0,,1.0,0.0,3.0,0.0,1.0,3.0,0.0,0.0,3.0,1.0,,3.0,1.0,1.0,3.0,0.0,3.0,0.0,1.0,1.0,,0.0,0.0,,0.0,,1.0,0.0,1.0,,1.0,1.0,3.0,3.0,3.0,3.0,3.0,1.0,3.0,1.0,3.0,1.0,3.0,3.0,1.0,,1.0,3.0,,3.0,3.0,3.0,1.0,3.0,3.0,1.0,0.0,3.0,3.0,1.0,,3.0,1.0,3.0,3.0,1.0,3.0,3.0,0.0,3.0,1.0,3.0,1.0,1.0,3.0,,1.0,3.0
